inventory_id,product_id,warehouse_id,inventory_date,opening_stock,quantity_received,quantity_sold,closing_stock
1,1,1,2025-01-01,216,112,86,294
2,2,2,2025-01-02,295,87,125,211
3,3,3,2025-01-03,253,82,150,133
4,4,4,2025-01-04,236,113,136,215
5,5,5,2025-01-05,261,70,99,203
6,6,6,2025-01-06,213,103,135,200
7,7,7,2025-01-07,120,37,116,13
8,8,8,2025-01-08,80,22,132,0
9,9,9,2025-01-09,172,86,104,190
10,10,10,2025-01-10,69,18,148,0
11,11,1,2025-01-11,233,117,119,245
12,12,2,2025-01-12,292,100,120,227
13,13,3,2025-01-13,282,87,116,186
14,14,4,2025-01-14,225,73,93,269
15,15,5,2025-01-15,261,92,105,207
16,16,6,2025-01-16,215,74,145,129
17,17,7,2025-01-17,103,39,146,9
18,18,8,2025-01-18,107,55,144,7
19,19,9,2025-01-19,155,63,106,157
20,20,10,2025-01-20,69,31,130,0
21,1,1,2025-01-21,209,88,117,214
22,2,2,2025-01-22,210,70,99,188
23,3,3,2025-01-23,252,72,88,195
24,4,4,2025-01-24,228,106,117,191
25,5,5,2025-01-25,241,120,87,241
26,6,6,2025-01-26,274,106,83,295
27,7,7,2025-01-27,83,26,113,6
28,8,8,2025-01-28,87,44,101,33
29,9,9,2025-01-29,189,84,87,184
30,10,10,2025-01-30,67,27,123,0
31,11,1,2025-01-31,225,92,98,243
32,12,2,2025-02-01,289,90,102,247
33,13,3,2025-02-02,258,74,104,245
34,14,4,2025-02-03,287,94,130,245
35,15,5,2025-02-04,208,120,108,293
36,16,6,2025-02-05,246,93,93,246
37,17,7,2025-02-06,85,58,95,63
38,18,8,2025-02-07,113,54,136,17
39,19,9,2025-02-08,207,86,126,167
40,20,10,2025-02-09,62,35,127,0
41,1,1,2025-02-10,237,72,148,195
42,2,2,2025-02-11,267,80,115,188
43,3,3,2025-02-12,275,104,103,247
44,4,4,2025-02-13,215,116,136,209
45,5,5,2025-02-14,203,118,137,211
46,6,6,2025-02-15,277,95,144,229
47,7,7,2025-02-16,113,56,119,26
48,8,8,2025-02-17,102,56,115,30
49,9,9,2025-02-18,210,56,108,158
50,10,10,2025-02-19,73,18,94,0
51,11,1,2025-02-20,272,75,150,200
52,12,2,2025-02-21,253,99,97,249
53,13,3,2025-02-22,290,92,99,234
54,14,4,2025-02-23,278,116,102,309
55,15,5,2025-02-24,224,120,101,235
56,16,6,2025-02-25,273,91,113,231
57,17,7,2025-02-26,120,42,135,18
58,18,8,2025-02-27,118,30,138,0
59,19,9,2025-02-28,189,76,105,155
60,20,10,2025-03-01,40,13,80,0
61,1,1,2025-03-02,212,117,130,245
62,2,2,2025-03-03,274,100,110,265
63,3,3,2025-03-04,272,70,130,231
64,4,4,2025-03-05,201,86,116,199
65,5,5,2025-03-06,260,70,92,257
66,6,6,2025-03-07,238,113,90,292
67,7,7,2025-03-08,83,54,110,58
68,8,8,2025-03-09,101,32,108,35
69,9,9,2025-03-10,177,82,95,159
70,10,10,2025-03-11,44,17,149,0
71,11,1,2025-03-12,208,84,82,287
72,12,2,2025-03-13,229,104,110,224
73,13,3,2025-03-14,247,101,128,199
74,14,4,2025-03-15,213,80,131,162
75,15,5,2025-03-16,246,81,82,208
76,16,6,2025-03-17,216,103,130,206
77,17,7,2025-03-18,90,50,87,80
78,18,8,2025-03-19,120,60,90,0
79,19,9,2025-03-20,171,68,89,144
80,20,10,2025-03-21,55,33,146,0
81,1,1,2025-03-22,239,107,90,297
82,2,2,2025-03-23,241,71,95,196
83,3,3,2025-03-24,221,106,127,229
84,4,4,2025-03-25,277,76,126,212
85,5,5,2025-03-26,257,81,133,225
86,6,6,2025-03-27,250,110,119,221
87,7,7,2025-03-28,100,31,91,58
88,8,8,2025-03-29,89,22,120,15
89,9,9,2025-03-30,205,61,84,176
90,10,10,2025-03-31,68,15,90,0
91,11,1,2025-04-01,297,116,131,256
92,12,2,2025-04-02,263,111,127,255
93,13,3,2025-04-03,227,81,97,211
94,14,4,2025-04-04,239,109,103,210
95,15,5,2025-04-05,202,103,148,160
96,16,6,2025-04-06,208,72,147,153
97,17,7,2025-04-07,114,47,89,49
98,18,8,2025-04-08,94,24,94,0
99,19,9,2025-04-09,169,62,90,151
100,20,10,2025-04-10,73,21,99,0
101,1,1,2025-04-11,270,70,98,181
102,2,2,2025-04-12,252,76,94,233
103,3,3,2025-04-13,224,107,97,292
104,4,4,2025-04-14,242,103,92,240
105,5,5,2025-04-15,220,101,120,269
106,6,6,2025-04-16,225,90,86,224
107,7,7,2025-04-17,100,29,93,30
108,8,8,2025-04-18,113,49,84,85
109,9,9,2025-04-19,153,52,82,150
110,10,10,2025-04-20,61,15,139,0
111,11,1,2025-04-21,280,95,101,253
112,12,2,2025-04-22,212,111,104,234
113,13,3,2025-04-23,227,99,83,309
114,14,4,2025-04-24,272,102,128,195
115,15,5,2025-04-25,245,117,87,282
116,16,6,2025-04-26,254,88,83,301
117,17,7,2025-04-27,117,38,107,16
118,18,8,2025-04-28,120,60,92,83
119,19,9,2025-04-29,183,74,107,157
120,20,10,2025-04-30,54,39,131,0
121,1,1,2025-05-01,208,118,117,295
122,2,2,2025-05-02,256,104,87,289
123,3,3,2025-05-03,292,109,113,239
124,4,4,2025-05-04,204,110,133,187
125,5,5,2025-05-05,204,103,83,238
126,6,6,2025-05-06,251,86,88,271
127,7,7,2025-05-07,86,37,135,1
128,8,8,2025-05-08,95,49,138,3
129,9,9,2025-05-09,158,78,145,118
130,10,10,2025-05-10,65,26,112,0
131,11,1,2025-05-11,200,100,81,315
132,12,2,2025-05-12,274,108,88,318
133,13,3,2025-05-13,216,97,107,272
134,14,4,2025-05-14,254,108,122,266
135,15,5,2025-05-15,264,76,112,226
136,16,6,2025-05-16,246,106,96,289
137,17,7,2025-05-17,115,47,136,10
138,18,8,2025-05-18,95,25,98,10
139,19,9,2025-05-19,158,83,115,156
140,20,10,2025-05-20,63,12,129,0
141,1,1,2025-05-21,240,99,150,227
142,2,2,2025-05-22,226,112,123,202
143,3,3,2025-05-23,233,106,136,174
144,4,4,2025-05-24,263,70,110,175
145,5,5,2025-05-25,234,94,106,260
146,6,6,2025-05-26,287,99,99,244
147,7,7,2025-05-27,113,38,84,45
148,8,8,2025-05-28,80,29,147,0
149,9,9,2025-05-29,197,55,134,92
150,10,10,2025-05-30,52,18,147,0
151,11,1,2025-05-31,287,88,97,271
152,12,2,2025-06-01,262,120,147,187
153,13,3,2025-06-02,225,98,103,220
154,14,4,2025-06-03,215,120,119,296
155,15,5,2025-06-04,253,72,147,183
156,16,6,2025-06-05,212,94,106,219
157,17,7,2025-06-06,102,43,145,18
158,18,8,2025-06-07,80,47,115,49
159,19,9,2025-06-08,177,80,138,143
160,20,10,2025-06-09,62,32,81,0
161,1,1,2025-06-10,267,96,80,253
162,2,2,2025-06-11,223,91,124,248
163,3,3,2025-06-12,247,97,117,212
164,4,4,2025-06-13,270,111,106,242
165,5,5,2025-06-14,270,105,112,231
166,6,6,2025-06-15,279,102,98,218
167,7,7,2025-06-16,104,31,85,66
168,8,8,2025-06-17,83,40,104,44
169,9,9,2025-06-18,155,56,144,69
170,10,10,2025-06-19,69,24,90,0
171,11,1,2025-06-20,236,106,134,235
172,12,2,2025-06-21,248,112,143,199
173,13,3,2025-06-22,266,83,113,250
174,14,4,2025-06-23,217,116,115,262
175,15,5,2025-06-24,254,117,145,239
176,16,6,2025-06-25,211,107,112,195
177,17,7,2025-06-26,98,40,134,16
178,18,8,2025-06-27,120,59,82,0
179,19,9,2025-06-28,164,76,136,121
180,20,10,2025-06-29,71,26,120,0
181,1,1,2025-06-30,254,89,140,153
182,2,2,2025-07-01,208,111,94,280
183,3,3,2025-07-02,290,82,119,249
184,4,4,2025-07-03,293,94,109,236
185,5,5,2025-07-04,258,83,95,188
186,6,6,2025-07-05,291,83,80,212
187,7,7,2025-07-06,84,29,146,0
188,8,8,2025-07-07,98,34,118,24
189,9,9,2025-07-08,183,51,140,113
190,10,10,2025-07-09,42,22,134,0
191,11,1,2025-07-10,291,84,148,201
192,12,2,2025-07-11,268,102,134,263
193,13,3,2025-07-12,242,107,84,320
194,14,4,2025-07-13,231,91,125,201
195,15,5,2025-07-14,243,75,108,254
196,16,6,2025-07-15,253,75,119,202
197,17,7,2025-07-16,113,60,92,86
198,18,8,2025-07-17,84,57,127,39
199,19,9,2025-07-18,209,55,85,157
200,20,10,2025-07-19,45,31,118,0
201,1,1,2025-07-20,273,114,125,214
202,2,2,2025-07-21,239,72,121,163
203,3,3,2025-07-22,216,113,114,275
204,4,4,2025-07-23,287,98,148,154
205,5,5,2025-07-24,293,113,144,255
206,6,6,2025-07-25,220,116,135,278
207,7,7,2025-07-26,109,56,119,34
208,8,8,2025-07-27,102,38,86,33
209,9,9,2025-07-28,183,60,111,123
210,10,10,2025-07-29,40,13,82,10
211,11,1,2025-07-30,265,76,107,250
212,12,2,2025-07-31,231,108,148,193
213,13,3,2025-08-01,215,103,124,224
214,14,4,2025-08-02,221,78,141,191
215,15,5,2025-08-03,269,97,80,270
216,16,6,2025-08-04,227,82,114,224
217,17,7,2025-08-05,90,60,104,58
218,18,8,2025-08-06,115,38,109,34
219,19,9,2025-08-07,197,69,115,138
220,20,10,2025-08-08,71,36,122,0
221,1,1,2025-08-09,236,83,90,228
222,2,2,2025-08-10,225,109,123,262
223,3,3,2025-08-11,229,77,114,238
224,4,4,2025-08-12,289,96,117,273
225,5,5,2025-08-13,207,113,148,247
226,6,6,2025-08-14,276,70,91,204
227,7,7,2025-08-15,101,55,141,1
228,8,8,2025-08-16,87,56,139,36
229,9,9,2025-08-17,152,50,144,86
230,10,10,2025-08-18,67,23,140,0
231,11,1,2025-08-19,267,75,129,152
232,12,2,2025-08-20,214,82,99,271
233,13,3,2025-08-21,250,120,147,230
234,14,4,2025-08-22,270,97,93,285
235,15,5,2025-08-23,278,75,109,204
236,16,6,2025-08-24,290,87,109,236
237,17,7,2025-08-25,108,31,141,0
238,18,8,2025-08-26,85,58,129,17
239,19,9,2025-08-27,170,59,124,136
240,20,10,2025-08-28,78,39,149,0
241,1,1,2025-08-29,293,90,133,218
242,2,2,2025-08-30,276,91,113,190
243,3,3,2025-08-31,282,81,110,197
244,4,4,2025-09-01,218,73,106,227
245,5,5,2025-09-02,238,120,134,232
246,6,6,2025-09-03,234,115,119,215
247,7,7,2025-09-04,92,51,138,0
248,8,8,2025-09-05,115,51,126,34
249,9,9,2025-09-06,192,83,138,152
250,10,10,2025-09-07,56,18,149,0
251,11,1,2025-09-08,279,71,122,205
252,12,2,2025-09-09,270,102,104,247
253,13,3,2025-09-10,201,101,119,253
254,14,4,2025-09-11,251,92,95,251
255,15,5,2025-09-12,244,109,137,189
256,16,6,2025-09-13,220,84,104,191
257,17,7,2025-09-14,120,30,91,0
258,18,8,2025-09-15,111,52,137,31
259,19,9,2025-09-16,203,70,117,112
260,20,10,2025-09-17,69,26,110,0
261,1,1,2025-09-18,235,116,106,289
262,2,2,2025-09-19,201,82,144,148
263,3,3,2025-09-20,230,101,101,215
264,4,4,2025-09-21,242,116,96,240
265,5,5,2025-09-22,232,95,93,221
266,6,6,2025-09-23,204,70,142,128
267,7,7,2025-09-24,81,28,105,6
268,8,8,2025-09-25,84,20,104,7
269,9,9,2025-09-26,160,78,101,150
270,10,10,2025-09-27,46,32,148,0
271,11,1,2025-09-28,225,110,104,256
272,12,2,2025-09-29,204,105,147,195
273,13,3,2025-09-30,209,104,86,294
274,14,4,2025-10-01,273,80,102,262
275,15,5,2025-10-02,206,117,124,292
276,16,6,2025-10-03,236,75,89,246
277,17,7,2025-10-04,106,46,114,0
278,18,8,2025-10-05,112,24,116,18
279,19,9,2025-10-06,193,52,128,116
280,20,10,2025-10-07,69,29,131,0
281,1,1,2025-10-08,251,72,138,225
282,2,2,2025-10-09,233,90,125,251
283,3,3,2025-10-10,288,87,90,250
284,4,4,2025-10-11,226,89,82,259
285,5,5,2025-10-12,270,76,148,182
286,6,6,2025-10-13,221,118,149,212
287,7,7,2025-10-14,115,40,112,47
288,8,8,2025-10-15,91,46,148,0
289,9,9,2025-10-16,183,77,137,123
290,10,10,2025-10-17,64,27,130,0
291,11,1,2025-10-18,240,70,113,252
292,12,2,2025-10-19,241,93,116,206
293,13,3,2025-10-20,251,82,99,205
294,14,4,2025-10-21,233,74,97,239
295,15,5,2025-10-22,263,87,86,203
296,16,6,2025-10-23,232,87,106,218
297,17,7,2025-10-24,102,53,136,0
298,18,8,2025-10-25,81,28,137,0
299,19,9,2025-10-26,191,86,135,118
300,20,10,2025-10-27,60,22,91,0
301,1,1,2025-10-28,295,102,114,231
302,2,2,2025-10-29,214,105,91,313
303,3,3,2025-10-30,212,93,140,158
304,4,4,2025-10-31,293,105,87,308
305,5,5,2025-11-01,292,84,109,186
306,6,6,2025-11-02,289,99,127,183
307,7,7,2025-11-03,97,33,149,0
308,8,8,2025-11-04,96,39,97,47
309,9,9,2025-11-05,183,79,106,142
310,10,10,2025-11-06,79,22,132,0
311,11,1,2025-11-07,225,112,99,295
312,12,2,2025-11-08,223,96,140,225
313,13,3,2025-11-09,257,119,127,203
314,14,4,2025-11-10,300,106,142,240
315,15,5,2025-11-11,247,97,81,224
316,16,6,2025-11-12,277,89,116,232
317,17,7,2025-11-13,90,31,139,0
318,18,8,2025-11-14,103,33,86,0
319,19,9,2025-11-15,152,80,123,153
320,20,10,2025-11-16,73,14,100,0
321,1,1,2025-11-17,288,101,97,276
322,2,2,2025-11-18,288,111,142,260
323,3,3,2025-11-19,263,99,93,240
324,4,4,2025-11-20,284,81,110,210
325,5,5,2025-11-21,219,88,88,217
326,6,6,2025-11-22,220,71,128,169
327,7,7,2025-11-23,117,55,140,0
328,8,8,2025-11-24,83,53,126,30
329,9,9,2025-11-25,187,88,134,114
330,10,10,2025-11-26,72,12,107,0
331,11,1,2025-11-27,215,77,122,189
332,12,2,2025-11-28,253,104,111,291
333,13,3,2025-11-29,225,105,103,222
334,14,4,2025-11-30,225,118,99,250
335,15,5,2025-12-01,238,107,81,318
336,16,6,2025-12-02,274,82,136,172
337,17,7,2025-12-03,80,47,89,58
338,18,8,2025-12-04,118,57,84,81
339,19,9,2025-12-05,192,53,97,133
340,20,10,2025-12-06,42,37,88,0
341,1,1,2025-12-07,295,101,123,192
342,2,2,2025-12-08,242,107,148,170
343,3,3,2025-12-09,211,117,108,278
344,4,4,2025-12-10,300,96,94,217
345,5,5,2025-12-11,276,86,111,264
346,6,6,2025-12-12,241,96,118,261
347,7,7,2025-12-13,111,25,106,26
348,8,8,2025-12-14,114,26,83,43
349,9,9,2025-12-15,163,87,111,185
350,10,10,2025-12-16,69,40,102,0
351,11,1,2025-12-17,231,112,124,254
352,12,2,2025-12-18,290,75,85,241
353,13,3,2025-12-19,296,98,121,245
354,14,4,2025-12-20,286,115,81,305
355,15,5,2025-12-21,210,93,103,234
356,16,6,2025-12-22,277,104,136,223
357,17,7,2025-12-23,84,60,113,60
358,18,8,2025-12-24,119,48,96,37
359,19,9,2025-12-25,172,78,123,128
360,20,10,2025-12-26,44,29,135,0
361,1,1,2025-12-27,254,110,107,212
362,2,2,2025-12-28,286,84,89,260
363,3,3,2025-12-29,288,89,121,231
364,4,4,2025-12-30,246,93,142,156
365,5,5,2025-12-31,230,70,89,223
366,6,6,2026-01-01,214,104,86,274
367,7,7,2026-01-02,119,59,111,30
368,8,8,2026-01-03,95,21,118,0
369,9,9,2026-01-04,167,72,96,170
370,10,10,2026-01-05,50,27,87,15
371,11,1,2026-01-06,287,111,98,220
372,12,2,2026-01-07,260,85,90,210
373,13,3,2026-01-08,224,110,150,179
374,14,4,2026-01-09,268,99,150,201
375,15,5,2026-01-10,255,85,93,263
376,16,6,2026-01-11,251,90,126,227
377,17,7,2026-01-12,98,58,106,0
378,18,8,2026-01-13,96,41,143,0
379,19,9,2026-01-14,191,78,143,132
380,20,10,2026-01-15,40,16,148,0
381,1,1,2026-01-16,246,102,150,161
382,2,2,2026-01-17,202,77,143,177
383,3,3,2026-01-18,269,120,141,214
384,4,4,2026-01-19,226,98,116,211
385,5,5,2026-01-20,258,98,84,301
386,6,6,2026-01-21,212,120,139,241
387,7,7,2026-01-22,86,31,121,0
388,8,8,2026-01-23,114,48,131,12
389,9,9,2026-01-24,157,52,115,87
390,10,10,2026-01-25,64,28,82,0
391,11,1,2026-01-26,289,114,121,273
392,12,2,2026-01-27,220,118,102,260
393,13,3,2026-01-28,274,96,135,202
394,14,4,2026-01-29,251,112,122,233
395,15,5,2026-01-30,204,119,146,225
396,16,6,2026-01-31,215,76,147,177
397,17,7,2026-02-01,97,30,112,25
398,18,8,2026-02-02,83,27,107,23
399,19,9,2026-02-03,150,85,115,137
400,20,10,2026-02-04,49,32,143,0
401,1,1,2026-02-05,205,97,109,218
402,2,2,2026-02-06,202,92,108,220
403,3,3,2026-02-07,206,72,141,194
404,4,4,2026-02-08,203,88,125,233
405,5,5,2026-02-09,276,96,112,200
406,6,6,2026-02-10,236,88,84,250
407,7,7,2026-02-11,114,59,140,33
408,8,8,2026-02-12,84,24,112,0
409,9,9,2026-02-13,178,50,136,97
410,10,10,2026-02-14,50,26,102,0
411,11,1,2026-02-15,277,109,132,232
412,12,2,2026-02-16,264,71,110,258
413,13,3,2026-02-17,285,77,91,222
414,14,4,2026-02-18,273,91,142,160
415,15,5,2026-02-19,277,82,135,231
416,16,6,2026-02-20,228,111,119,252
417,17,7,2026-02-21,118,45,148,0
418,18,8,2026-02-22,119,41,91,51
419,19,9,2026-02-23,207,71,80,152
420,20,10,2026-02-24,47,27,142,0
421,1,1,2026-02-25,238,115,127,248
422,2,2,2026-02-26,298,79,101,218
423,3,3,2026-02-27,213,90,116,237
424,4,4,2026-02-28,284,80,89,253
425,5,5,2026-03-01,220,110,148,164
426,6,6,2026-03-02,224,99,118,253
427,7,7,2026-03-03,119,57,101,57
428,8,8,2026-03-04,111,51,93,49
429,9,9,2026-03-05,168,62,102,149
430,10,10,2026-03-06,61,35,109,0
431,11,1,2026-03-07,241,86,95,243
432,12,2,2026-03-08,293,102,150,180
433,13,3,2026-03-09,282,76,138,182
434,14,4,2026-03-10,218,82,148,234
435,15,5,2026-03-11,227,72,108,250
436,16,6,2026-03-12,279,120,113,253
437,17,7,2026-03-13,110,21,83,26
438,18,8,2026-03-14,104,24,118,15
439,19,9,2026-03-15,159,60,100,167
440,20,10,2026-03-16,59,38,129,0
441,1,1,2026-03-17,228,98,143,229
442,2,2,2026-03-18,240,71,83,263
443,3,3,2026-03-19,237,116,105,297
444,4,4,2026-03-20,247,96,124,198
445,5,5,2026-03-21,265,113,127,278
446,6,6,2026-03-22,263,83,138,216
447,7,7,2026-03-23,96,24,127,8
448,8,8,2026-03-24,108,51,113,29
449,9,9,2026-03-25,195,89,125,146
450,10,10,2026-03-26,49,19,128,0
451,11,1,2026-03-27,209,96,141,159
452,12,2,2026-03-28,204,80,93,254
453,13,3,2026-03-29,224,81,99,220
454,14,4,2026-03-30,240,86,126,235
455,15,5,2026-03-31,260,108,80,252
456,16,6,2026-04-01,222,75,132,164
457,17,7,2026-04-02,88,21,137,0
458,18,8,2026-04-03,95,32,128,0
459,19,9,2026-04-04,200,62,99,128
460,20,10,2026-04-05,79,19,93,0
461,1,1,2026-04-06,234,103,103,271
462,2,2,2026-04-07,249,75,123,230
463,3,3,2026-04-08,243,94,146,228
464,4,4,2026-04-09,248,100,128,210
465,5,5,2026-04-10,250,79,93,262
466,6,6,2026-04-11,214,89,126,203
467,7,7,2026-04-12,89,27,82,58
468,8,8,2026-04-13,98,60,137,19
469,9,9,2026-04-14,150,57,125,113
470,10,10,2026-04-15,68,28,141,0
471,11,1,2026-04-16,295,86,84,295
472,12,2,2026-04-17,285,116,80,336
473,13,3,2026-04-18,285,79,82,242
474,14,4,2026-04-19,279,93,106,273
475,15,5,2026-04-20,216,91,111,262
476,16,6,2026-04-21,240,97,102,244
477,17,7,2026-04-22,97,54,147,18
478,18,8,2026-04-23,87,51,137,5
479,19,9,2026-04-24,204,81,149,106
480,20,10,2026-04-25,58,10,88,0
481,1,1,2026-04-26,245,94,147,200
482,2,2,2026-04-27,279,101,135,196
483,3,3,2026-04-28,214,81,122,246
484,4,4,2026-04-29,285,92,84,301
485,5,5,2026-04-30,297,94,92,293
486,6,6,2026-05-01,240,120,123,239
487,7,7,2026-05-02,100,37,128,0
488,8,8,2026-05-03,90,21,117,6
489,9,9,2026-05-04,197,60,89,129
490,10,10,2026-05-05,65,20,103,0
491,11,1,2026-05-06,219,79,80,208
492,12,2,2026-05-07,246,107,137,208
493,13,3,2026-05-08,231,83,134,232
494,14,4,2026-05-09,250,97,140,187
495,15,5,2026-05-10,278,106,126,230
496,16,6,2026-05-11,273,70,86,254
497,17,7,2026-05-12,90,57,98,47
498,18,8,2026-05-13,119,59,142,1
499,19,9,2026-05-14,174,80,111,119
500,20,10,2026-05-15,49,21,131,0
501,1,1,2026-05-16,228,91,144,169
502,2,2,2026-05-17,225,84,129,158
503,3,3,2026-05-18,223,117,80,281
504,4,4,2026-05-19,290,120,90,306
505,5,5,2026-05-20,206,96,104,278
506,6,6,2026-05-21,248,92,133,211
507,7,7,2026-05-22,81,21,97,25
508,8,8,2026-05-23,95,47,80,49
509,9,9,2026-05-24,184,76,108,157
510,10,10,2026-05-25,72,11,113,0
511,11,1,2026-05-26,297,80,92,248
512,12,2,2026-05-27,265,108,131,258
513,13,3,2026-05-28,201,70,92,249
514,14,4,2026-05-29,291,108,98,291
515,15,5,2026-05-30,226,105,94,303
516,16,6,2026-05-31,284,104,104,219
517,17,7,2026-06-01,103,33,98,0
518,18,8,2026-06-02,106,54,145,1
519,19,9,2026-06-03,156,72,96,167
520,20,10,2026-06-04,79,32,108,0
521,1,1,2026-06-05,253,80,136,238
522,2,2,2026-06-06,238,88,133,255
523,3,3,2026-06-07,223,84,85,266
524,4,4,2026-06-08,287,81,123,196
525,5,5,2026-06-09,246,76,132,192
526,6,6,2026-06-10,240,73,86,281
527,7,7,2026-06-11,81,38,117,32
528,8,8,2026-06-12,114,34,145,0
529,9,9,2026-06-13,173,69,92,151
530,10,10,2026-06-14,71,34,101,0
531,11,1,2026-06-15,253,107,137,222
532,12,2,2026-06-16,222,115,148,227
533,13,3,2026-06-17,207,117,147,171
534,14,4,2026-06-18,290,119,148,265
535,15,5,2026-06-19,283,85,136,175
536,16,6,2026-06-20,212,106,80,285
537,17,7,2026-06-21,111,28,101,7
538,18,8,2026-06-22,105,58,114,35
539,19,9,2026-06-23,194,79,86,187
540,20,10,2026-06-24,60,14,80,0
541,1,1,2026-06-25,204,104,107,262
542,2,2,2026-06-26,235,75,80,280
543,3,3,2026-06-27,248,73,96,199
544,4,4,2026-06-28,259,105,86,259
545,5,5,2026-06-29,207,95,112,276
546,6,6,2026-06-30,237,100,131,189
547,7,7,2026-07-01,88,27,83,39
548,8,8,2026-07-02,90,30,112,21
549,9,9,2026-07-03,182,86,83,207
550,10,10,2026-07-04,79,15,147,0
551,11,1,2026-07-05,205,104,118,193
552,12,2,2026-07-06,271,95,91,254
553,13,3,2026-07-07,257,74,106,168
554,14,4,2026-07-08,239,77,142,158
555,15,5,2026-07-09,269,100,101,247
556,16,6,2026-07-10,287,92,94,287
557,17,7,2026-07-11,88,25,109,14
558,18,8,2026-07-12,113,26,119,0
559,19,9,2026-07-13,200,63,109,119
560,20,10,2026-07-14,73,29,147,0
561,1,1,2026-07-15,238,110,130,236
562,2,2,2026-07-16,245,70,119,204
563,3,3,2026-07-17,215,96,149,191
564,4,4,2026-07-18,204,72,97,249
565,5,5,2026-07-19,290,108,86,256
566,6,6,2026-07-20,220,71,118,219
567,7,7,2026-07-21,85,31,102,0
568,8,8,2026-07-22,84,60,85,66
569,9,9,2026-07-23,195,79,126,109
570,10,10,2026-07-24,78,30,113,0
571,11,1,2026-07-25,241,111,121,235
572,12,2,2026-07-26,280,112,121,278
573,13,3,2026-07-27,259,105,104,272
574,14,4,2026-07-28,296,95,99,269
575,15,5,2026-07-29,233,80,97,233
576,16,6,2026-07-30,240,77,128,156
577,17,7,2026-07-31,106,35,110,5
578,18,8,2026-08-01,119,56,90,47
579,19,9,2026-08-02,191,57,104,153
580,20,10,2026-08-03,59,17,98,0
581,1,1,2026-08-04,287,73,92,212
582,2,2,2026-08-05,287,104,92,217
583,3,3,2026-08-06,230,105,137,185
584,4,4,2026-08-07,268,71,147,157
585,5,5,2026-08-08,286,78,146,139
586,6,6,2026-08-09,280,86,82,266
587,7,7,2026-08-10,112,44,114,14
588,8,8,2026-08-11,117,59,126,23
589,9,9,2026-08-12,202,68,105,131
590,10,10,2026-08-13,72,36,83,1
591,11,1,2026-08-14,243,78,83,247
592,12,2,2026-08-15,267,83,122,231
593,13,3,2026-08-16,271,73,118,159
594,14,4,2026-08-17,230,117,86,330
595,15,5,2026-08-18,296,116,114,219
596,16,6,2026-08-19,216,72,106,227
597,17,7,2026-08-20,88,35,136,0
598,18,8,2026-08-21,109,40,125,33
599,19,9,2026-08-22,184,88,147,97
600,20,10,2026-08-23,69,40,150,0
601,1,1,2026-08-24,233,117,119,276
602,2,2,2026-08-25,203,120,149,213
603,3,3,2026-08-26,235,73,137,235
604,4,4,2026-08-27,245,120,105,224
605,5,5,2026-08-28,294,109,127,193
606,6,6,2026-08-29,209,73,80,289
607,7,7,2026-08-30,84,47,147,0
608,8,8,2026-08-31,81,37,90,46
609,9,9,2026-09-01,180,79,114,119
610,10,10,2026-09-02,71,14,99,0
611,11,1,2026-09-03,247,82,100,266
612,12,2,2026-09-04,216,117,86,245
613,13,3,2026-09-05,269,70,146,130
614,14,4,2026-09-06,251,104,147,157
615,15,5,2026-09-07,264,79,136,188
616,16,6,2026-09-08,232,98,116,212
617,17,7,2026-09-09,85,20,83,0
618,18,8,2026-09-10,98,35,143,6
619,19,9,2026-09-11,191,78,98,152
620,20,10,2026-09-12,55,38,131,0
621,1,1,2026-09-13,250,74,105,200
622,2,2,2026-09-14,273,107,138,244
623,3,3,2026-09-15,245,80,137,160
624,4,4,2026-09-16,213,106,117,216
625,5,5,2026-09-17,286,106,93,224
626,6,6,2026-09-18,234,113,85,312
627,7,7,2026-09-19,80,52,113,25
628,8,8,2026-09-20,107,26,127,0
629,9,9,2026-09-21,151,68,94,173
630,10,10,2026-09-22,41,37,144,0
631,11,1,2026-09-23,270,96,144,170
632,12,2,2026-09-24,210,95,96,223
633,13,3,2026-09-25,219,82,136,237
634,14,4,2026-09-26,286,111,149,193
635,15,5,2026-09-27,212,85,93,258
636,16,6,2026-09-28,221,93,120,253
637,17,7,2026-09-29,85,32,117,10
638,18,8,2026-09-30,120,59,89,0
639,19,9,2026-10-01,206,71,95,173
640,20,10,2026-10-02,74,27,99,0
641,1,1,2026-10-03,266,70,122,185
642,2,2,2026-10-04,248,92,100,230
643,3,3,2026-10-05,260,81,138,236
644,4,4,2026-10-06,211,74,123,155
645,5,5,2026-10-07,264,80,88,238
646,6,6,2026-10-08,272,84,119,175
647,7,7,2026-10-09,95,20,122,0
648,8,8,2026-10-10,91,41,84,76
649,9,9,2026-10-11,167,70,143,95
650,10,10,2026-10-12,53,37,120,0
651,11,1,2026-10-13,205,112,116,284
652,12,2,2026-10-14,253,82,93,218
653,13,3,2026-10-15,230,71,146,217
654,14,4,2026-10-16,223,91,150,197
655,15,5,2026-10-17,236,87,98,240
656,16,6,2026-10-18,219,78,97,190
657,17,7,2026-10-19,90,51,145,0
658,18,8,2026-10-20,112,60,139,5
659,19,9,2026-10-21,190,53,141,105
660,20,10,2026-10-22,77,28,98,0
661,1,1,2026-10-23,280,111,121,211
662,2,2,2026-10-24,268,82,133,173
663,3,3,2026-10-25,278,114,136,218
664,4,4,2026-10-26,200,107,112,212
665,5,5,2026-10-27,269,111,119,260
666,6,6,2026-10-28,287,88,91,267
667,7,7,2026-10-29,120,47,109,29
668,8,8,2026-10-30,101,29,127,0
669,9,9,2026-10-31,169,82,135,128
670,10,10,2026-11-01,46,24,109,0
671,11,1,2026-11-02,254,108,125,279
672,12,2,2026-11-03,269,116,147,176
673,13,3,2026-11-04,274,100,114,204
674,14,4,2026-11-05,230,87,111,211
675,15,5,2026-11-06,229,96,90,214
676,16,6,2026-11-07,226,79,121,182
677,17,7,2026-11-08,103,51,103,39
678,18,8,2026-11-09,111,54,114,50
679,19,9,2026-11-10,174,80,92,152
680,20,10,2026-11-11,61,17,101,0
681,1,1,2026-11-12,241,116,122,282
682,2,2,2026-11-13,226,105,88,284
683,3,3,2026-11-14,228,92,144,163
684,4,4,2026-11-15,209,101,103,212
685,5,5,2026-11-16,284,101,137,192
686,6,6,2026-11-17,220,83,129,165
687,7,7,2026-11-18,88,47,130,18
688,8,8,2026-11-19,111,58,128,39
689,9,9,2026-11-20,205,64,120,104
690,10,10,2026-11-21,48,23,97,0
691,11,1,2026-11-22,216,89,110,215
692,12,2,2026-11-23,226,115,132,215
693,13,3,2026-11-24,278,107,89,298
694,14,4,2026-11-25,254,102,141,246
695,15,5,2026-11-26,235,73,132,233
696,16,6,2026-11-27,241,84,130,156
697,17,7,2026-11-28,108,29,103,23
698,18,8,2026-11-29,113,31,109,38
699,19,9,2026-11-30,160,74,117,164
700,20,10,2026-12-01,41,36,137,0
701,1,1,2026-12-02,246,100,145,185
702,2,2,2026-12-03,234,109,94,279
703,3,3,2026-12-04,218,107,146,208
704,4,4,2026-12-05,216,86,83,256
705,5,5,2026-12-06,240,113,134,217
706,6,6,2026-12-07,236,88,116,238
707,7,7,2026-12-08,83,56,110,65
708,8,8,2026-12-09,100,27,110,36
709,9,9,2026-12-10,206,77,137,118
710,10,10,2026-12-11,72,20,144,0
711,11,1,2026-12-12,265,120,102,218
712,12,2,2026-12-13,235,120,86,292
713,13,3,2026-12-14,287,117,135,252
714,14,4,2026-12-15,284,86,113,183
715,15,5,2026-12-16,276,97,106,249
716,16,6,2026-12-17,228,93,131,203
717,17,7,2026-12-18,90,20,85,28
718,18,8,2026-12-19,117,41,93,39
719,19,9,2026-12-20,163,83,150,133
720,20,10,2026-12-21,70,27,108,0
721,1,1,2026-12-22,246,92,118,262
722,2,2,2026-12-23,272,93,101,250
723,3,3,2026-12-24,207,73,149,215
724,4,4,2026-12-25,278,100,125,225
725,5,5,2026-12-26,283,108,83,316
726,6,6,2026-12-27,296,113,119,203
727,7,7,2026-12-28,84,23,90,50
728,8,8,2026-12-29,88,43,89,56
729,9,9,2026-12-30,205,54,98,126
730,10,10,2026-12-31,80,12,94,0
731,11,1,2027-01-01,283,95,95,235
732,12,2,2027-01-02,274,114,90,322
733,13,3,2027-01-03,258,71,94,247
734,14,4,2027-01-04,248,80,128,230
735,15,5,2027-01-05,278,76,81,222
736,16,6,2027-01-06,233,89,90,251
737,17,7,2027-01-07,106,51,136,13
738,18,8,2027-01-08,95,41,88,42
739,19,9,2027-01-09,206,85,91,171
740,20,10,2027-01-10,62,15,127,0
741,1,1,2027-01-11,213,107,134,188
742,2,2,2027-01-12,278,86,118,248
743,3,3,2027-01-13,226,100,121,191
744,4,4,2027-01-14,257,89,104,185
745,5,5,2027-01-15,228,108,89,248
746,6,6,2027-01-16,277,117,126,210
747,7,7,2027-01-17,117,28,122,19
748,8,8,2027-01-18,87,58,127,0
749,9,9,2027-01-19,197,80,145,97
750,10,10,2027-01-20,44,14,103,0
751,11,1,2027-01-21,237,94,130,230
752,12,2,2027-01-22,243,114,99,275
753,13,3,2027-01-23,255,93,135,239
754,14,4,2027-01-24,280,93,102,251
755,15,5,2027-01-25,297,116,88,231
756,16,6,2027-01-26,296,104,120,245
757,17,7,2027-01-27,118,41,98,38
758,18,8,2027-01-28,97,23,110,30
759,19,9,2027-01-29,167,86,88,185
760,20,10,2027-01-30,74,36,148,0
761,1,1,2027-01-31,208,71,94,258
762,2,2,2027-02-01,240,120,123,283
763,3,3,2027-02-02,291,92,99,205
764,4,4,2027-02-03,212,115,140,246
765,5,5,2027-02-04,230,108,84,288
766,6,6,2027-02-05,211,94,90,272
767,7,7,2027-02-06,94,51,120,47
768,8,8,2027-02-07,80,37,126,6
769,9,9,2027-02-08,152,58,86,182
770,10,10,2027-02-09,57,38,94,4
771,11,1,2027-02-10,233,113,139,261
772,12,2,2027-02-11,261,87,135,193
773,13,3,2027-02-12,283,104,107,280
774,14,4,2027-02-13,239,71,111,238
775,15,5,2027-02-14,287,83,95,267
776,16,6,2027-02-15,298,82,114,244
777,17,7,2027-02-16,118,36,115,16
778,18,8,2027-02-17,97,53,106,42
779,19,9,2027-02-18,159,77,82,174
780,20,10,2027-02-19,64,10,107,0
781,1,1,2027-02-20,220,107,95,276
782,2,2,2027-02-21,283,93,145,243
783,3,3,2027-02-22,211,111,99,255
784,4,4,2027-02-23,204,101,121,214
785,5,5,2027-02-24,282,84,86,241
786,6,6,2027-02-25,262,73,80,258
787,7,7,2027-02-26,92,45,122,31
788,8,8,2027-02-27,81,20,149,0
789,9,9,2027-02-28,152,68,114,134
790,10,10,2027-03-01,49,25,150,0
791,11,1,2027-03-02,264,107,126,251
792,12,2,2027-03-03,203,73,139,171
793,13,3,2027-03-04,256,89,124,255
794,14,4,2027-03-05,281,115,134,186
795,15,5,2027-03-06,277,110,96,282
796,16,6,2027-03-07,275,111,116,201
797,17,7,2027-03-08,115,27,86,0
798,18,8,2027-03-09,101,21,106,0
799,19,9,2027-03-10,164,73,98,146
800,20,10,2027-03-11,57,40,129,0
801,1,1,2027-03-12,289,101,120,192
802,2,2,2027-03-13,287,98,145,234
803,3,3,2027-03-14,273,112,104,276
804,4,4,2027-03-15,256,91,100,276
805,5,5,2027-03-16,211,91,106,192
806,6,6,2027-03-17,281,97,133,171
807,7,7,2027-03-18,81,24,138,0
808,8,8,2027-03-19,108,29,125,13
809,9,9,2027-03-20,166,70,94,145
810,10,10,2027-03-21,71,27,89,2
811,11,1,2027-03-22,253,74,99,254
812,12,2,2027-03-23,278,84,87,217
813,13,3,2027-03-24,225,98,143,187
814,14,4,2027-03-25,233,115,112,218
815,15,5,2027-03-26,296,85,129,166
816,16,6,2027-03-27,215,80,148,222
817,17,7,2027-03-28,90,53,127,38
818,18,8,2027-03-29,117,36,99,0
819,19,9,2027-03-30,187,88,81,179
820,20,10,2027-03-31,62,32,101,0
821,1,1,2027-04-01,208,105,90,273
822,2,2,2027-04-02,273,82,101,211
823,3,3,2027-04-03,247,116,106,249
824,4,4,2027-04-04,206,76,138,142
825,5,5,2027-04-05,283,93,105,254
826,6,6,2027-04-06,205,111,130,280
827,7,7,2027-04-07,109,58,139,7
828,8,8,2027-04-08,111,41,121,33
829,9,9,2027-04-09,159,54,110,112
830,10,10,2027-04-10,64,24,132,0
831,11,1,2027-04-11,270,114,128,218
832,12,2,2027-04-12,297,102,124,183
833,13,3,2027-04-13,281,120,85,326
834,14,4,2027-04-14,259,107,92,315
835,15,5,2027-04-15,284,76,129,213
836,16,6,2027-04-16,252,94,114,230
837,17,7,2027-04-17,89,52,108,34
838,18,8,2027-04-18,86,39,132,9
839,19,9,2027-04-19,184,61,131,92
840,20,10,2027-04-20,46,12,111,0
841,1,1,2027-04-21,262,116,87,259
842,2,2,2027-04-22,271,92,122,235
843,3,3,2027-04-23,204,93,126,246
844,4,4,2027-04-24,232,95,110,204
845,5,5,2027-04-25,293,93,87,292
846,6,6,2027-04-26,213,98,105,199
847,7,7,2027-04-27,99,22,85,30
848,8,8,2027-04-28,88,58,122,51
849,9,9,2027-04-29,178,64,106,114
850,10,10,2027-04-30,58,29,96,0
851,11,1,2027-05-01,226,79,88,213
852,12,2,2027-05-02,213,90,146,185
853,13,3,2027-05-03,264,85,99,217
854,14,4,2027-05-04,269,96,136,184
855,15,5,2027-05-05,237,112,102,295
856,16,6,2027-05-06,208,78,125,197
857,17,7,2027-05-07,110,50,126,8
858,18,8,2027-05-08,81,48,149,0
859,19,9,2027-05-09,181,64,138,122
860,20,10,2027-05-10,79,17,88,7
861,1,1,2027-05-11,208,92,110,195
862,2,2,2027-05-12,299,92,109,225
863,3,3,2027-05-13,276,76,111,244
864,4,4,2027-05-14,202,109,149,187
865,5,5,2027-05-15,285,81,115,252
866,6,6,2027-05-16,243,88,136,217
867,7,7,2027-05-17,81,51,97,67
868,8,8,2027-05-18,112,29,101,26
869,9,9,2027-05-19,154,54,88,155
870,10,10,2027-05-20,71,29,147,0
871,11,1,2027-05-21,292,80,143,195
872,12,2,2027-05-22,282,77,97,250
873,13,3,2027-05-23,222,83,110,232
874,14,4,2027-05-24,283,89,115,249
875,15,5,2027-05-25,288,120,96,225
876,16,6,2027-05-26,236,74,90,284
877,17,7,2027-05-27,106,24,108,23
878,18,8,2027-05-28,116,26,124,10
879,19,9,2027-05-29,194,88,124,160
880,20,10,2027-05-30,72,20,87,13
881,1,1,2027-05-31,274,110,136,222
882,2,2,2027-06-01,231,95,144,238
883,3,3,2027-06-02,289,70,122,203
884,4,4,2027-06-03,232,106,148,214
885,5,5,2027-06-04,247,74,121,245
886,6,6,2027-06-05,290,91,128,169
887,7,7,2027-06-06,114,48,94,41
888,8,8,2027-06-07,104,40,83,64
889,9,9,2027-06-08,175,81,140,114
890,10,10,2027-06-09,56,29,83,0
891,11,1,2027-06-10,297,120,93,289
892,12,2,2027-06-11,261,109,144,175
893,13,3,2027-06-12,250,94,150,242
894,14,4,2027-06-13,204,95,113,277
895,15,5,2027-06-14,274,118,94,309
896,16,6,2027-06-15,244,82,92,288
897,17,7,2027-06-16,93,29,110,21
898,18,8,2027-06-17,86,30,85,47
899,19,9,2027-06-18,200,66,89,148
900,20,10,2027-06-19,74,26,144,0
901,1,1,2027-06-20,237,75,129,176
902,2,2,2027-06-21,233,101,139,195
903,3,3,2027-06-22,207,100,147,219
904,4,4,2027-06-23,238,111,132,188
905,5,5,2027-06-24,212,114,114,297
906,6,6,2027-06-25,239,74,137,173
907,7,7,2027-06-26,102,47,134,0
908,8,8,2027-06-27,92,35,131,15
909,9,9,2027-06-28,186,58,121,91
910,10,10,2027-06-29,60,16,120,0
911,11,1,2027-06-30,258,101,139,200
912,12,2,2027-07-01,245,93,106,221
913,13,3,2027-07-02,241,96,140,212
914,14,4,2027-07-03,270,78,88,207
915,15,5,2027-07-04,242,100,88,283
916,16,6,2027-07-05,280,101,96,205
917,17,7,2027-07-06,120,24,147,0
918,18,8,2027-07-07,113,32,142,9
919,19,9,2027-07-08,179,65,91,152
920,20,10,2027-07-09,60,18,103,0
921,1,1,2027-07-10,289,81,145,205
922,2,2,2027-07-11,280,96,80,256
923,3,3,2027-07-12,273,78,97,226
924,4,4,2027-07-13,235,81,113,219
925,5,5,2027-07-14,253,90,81,231
926,6,6,2027-07-15,231,77,97,239
927,7,7,2027-07-16,81,30,135,10
928,8,8,2027-07-17,89,51,106,64
929,9,9,2027-07-18,181,82,124,115
930,10,10,2027-07-19,56,18,112,0
931,11,1,2027-07-20,283,95,123,178
932,12,2,2027-07-21,267,100,91,295
933,13,3,2027-07-22,251,100,136,206
934,14,4,2027-07-23,294,99,110,252
935,15,5,2027-07-24,280,85,130,223
936,16,6,2027-07-25,266,74,107,234
937,17,7,2027-07-26,102,57,94,0
938,18,8,2027-07-27,86,54,104,0
939,19,9,2027-07-28,194,64,98,170
940,20,10,2027-07-29,72,18,98,0
941,1,1,2027-07-30,267,95,109,257
942,2,2,2027-07-31,238,105,141,219
943,3,3,2027-08-01,297,88,104,253
944,4,4,2027-08-02,221,116,101,270
945,5,5,2027-08-03,228,84,112,179
946,6,6,2027-08-04,267,101,135,198
947,7,7,2027-08-05,98,34,111,24
948,8,8,2027-08-06,113,38,106,0
949,9,9,2027-08-07,164,65,92,136
950,10,10,2027-08-08,42,40,145,0
951,11,1,2027-08-09,207,110,100,235
952,12,2,2027-08-10,279,105,134,179
953,13,3,2027-08-11,237,113,120,273
954,14,4,2027-08-12,213,73,142,184
955,15,5,2027-08-13,291,102,138,209
956,16,6,2027-08-14,279,103,112,282
957,17,7,2027-08-15,103,41,105,19
958,18,8,2027-08-16,81,30,89,51
959,19,9,2027-08-17,210,56,91,154
960,20,10,2027-08-18,41,13,125,0
961,1,1,2027-08-19,270,107,104,255
962,2,2,2027-08-20,223,108,133,225
963,3,3,2027-08-21,252,90,148,207
964,4,4,2027-08-22,241,83,146,167
965,5,5,2027-08-23,250,103,103,292
966,6,6,2027-08-24,221,113,89,309
967,7,7,2027-08-25,93,38,133,0
968,8,8,2027-08-26,81,40,82,0
969,9,9,2027-08-27,186,81,90,197
970,10,10,2027-08-28,65,13,138,0
971,11,1,2027-08-29,233,118,136,210
972,12,2,2027-08-30,224,116,112,233
973,13,3,2027-08-31,293,87,118,267
974,14,4,2027-09-01,269,74,142,134
975,15,5,2027-09-02,265,75,97,251
976,16,6,2027-09-03,221,97,147,243
977,17,7,2027-09-04,80,47,141,0
978,18,8,2027-09-05,114,29,131,0
979,19,9,2027-09-06,176,74,133,91
980,20,10,2027-09-07,51,26,120,0
981,1,1,2027-09-08,223,100,131,173
982,2,2,2027-09-09,284,88,89,229
983,3,3,2027-09-10,229,98,108,196
984,4,4,2027-09-11,285,102,105,279
985,5,5,2027-09-12,245,80,92,231
986,6,6,2027-09-13,290,119,142,190
987,7,7,2027-09-14,82,34,134,18
988,8,8,2027-09-15,90,55,102,0
989,9,9,2027-09-16,194,82,131,158
990,10,10,2027-09-17,75,22,144,0
991,11,1,2027-09-18,264,88,122,169
992,12,2,2027-09-19,254,76,139,218
993,13,3,2027-09-20,264,115,88,293
994,14,4,2027-09-21,277,71,145,189
995,15,5,2027-09-22,201,79,135,207
996,16,6,2027-09-23,229,87,81,271
997,17,7,2027-09-24,80,38,137,6
998,18,8,2027-09-25,96,57,138,5
999,19,9,2027-09-26,199,57,86,149
1000,20,10,2027-09-27,68,40,107,0
1001,21,1,2027-09-28,236,102,64,262
1002,22,2,2027-09-29,206,104,46,322
1003,23,3,2027-09-30,271,77,88,268
1004,24,4,2027-10-01,202,88,42,298
1005,25,5,2027-10-02,208,81,42,328
1006,26,6,2027-10-03,289,94,42,352
1007,27,7,2027-10-04,119,20,82,49
1008,28,8,2027-10-05,92,57,65,72
1009,29,9,2027-10-06,166,50,58,161
1010,30,10,2027-10-07,45,40,84,9
1011,31,1,2027-10-08,248,80,75,232
1012,32,2,2027-10-09,292,108,69,312
1013,33,3,2027-10-10,223,84,81,237
1014,34,4,2027-10-11,251,112,83,241
1015,35,5,2027-10-12,236,104,57,270
1016,36,6,2027-10-13,219,78,61,236
1017,37,7,2027-10-14,85,60,78,89
1018,38,8,2027-10-15,81,23,64,0
1019,39,9,2027-10-16,168,55,85,127
1020,40,10,2027-10-17,47,11,69,0
1021,41,1,2027-10-18,200,103,55,288
1022,42,2,2027-10-19,235,95,87,305
1023,43,3,2027-10-20,264,98,61,323
1024,44,4,2027-10-21,241,112,84,309
1025,45,5,2027-10-22,219,85,75,280
1026,46,6,2027-10-23,290,86,69,255
1027,47,7,2027-10-24,110,31,40,86
1028,48,8,2027-10-25,80,40,89,0
1029,49,9,2027-10-26,209,88,85,176
1030,50,10,2027-10-27,72,11,87,0
1031,51,1,2027-10-28,283,70,56,244
1032,52,2,2027-10-29,225,108,46,284
1033,53,3,2027-10-30,212,81,62,288
1034,54,4,2027-10-31,217,87,89,256
1035,55,5,2027-11-01,269,89,82,245
1036,56,6,2027-11-02,247,91,80,220
1037,57,7,2027-11-03,110,21,65,61
1038,58,8,2027-11-04,118,43,69,70
1039,59,9,2027-11-05,166,71,72,179
1040,60,10,2027-11-06,43,39,72,18
1041,61,1,2027-11-07,270,111,22,349
1042,62,2,2027-11-08,249,92,33,295
1043,63,3,2027-11-09,288,101,26,375
1044,64,4,2027-11-10,292,100,40,350
1045,65,5,2027-11-11,283,103,33,366
1046,66,6,2027-11-12,236,113,21,324
1047,67,7,2027-11-13,119,30,11,115
1048,68,8,2027-11-14,92,44,11,0
1049,69,9,2027-11-15,191,85,14,234
1050,70,10,2027-11-16,66,20,35,48
1051,71,1,2027-11-17,212,75,10,343
1052,72,2,2027-11-18,274,119,11,385
1053,73,3,2027-11-19,220,119,30,293
1054,74,4,2027-11-20,265,108,10,314
1055,75,5,2027-11-21,238,93,15,333
1056,76,6,2027-11-22,219,80,19,330
1057,77,7,2027-11-23,89,41,38,104
1058,78,8,2027-11-24,83,25,38,84
1059,79,9,2027-11-25,210,65,21,220
1060,80,10,2027-11-26,78,15,26,52
1061,81,1,2027-11-27,211,95,15,329
1062,82,2,2027-11-28,233,70,37,281
1063,83,3,2027-11-29,238,94,34,305
1064,84,4,2027-11-30,228,97,19,320
1065,85,5,2027-12-01,221,73,29,299
1066,86,6,2027-12-02,299,80,36,312
1067,87,7,2027-12-03,102,47,30,110
1068,88,8,2027-12-04,100,32,11,140
1069,89,9,2027-12-05,174,85,30,265
1070,90,10,2027-12-06,64,32,35,0
1071,91,1,2027-12-07,209,82,23,356
1072,92,2,2027-12-08,270,91,18,332
1073,93,3,2027-12-09,294,75,39,276
1074,94,4,2027-12-10,249,93,31,286
1075,95,5,2027-12-11,300,117,36,370
1076,96,6,2027-12-12,223,116,22,312
1077,97,7,2027-12-13,104,47,23,104
1078,98,8,2027-12-14,82,37,20,128
1079,99,9,2027-12-15,209,88,38,252
1080,100,10,2027-12-16,61,35,38,0
1081,21,1,2027-12-17,297,81,44,277
1082,22,2,2027-12-18,279,98,63,312
1083,23,3,2027-12-19,223,76,67,231
1084,24,4,2027-12-20,242,86,49,308
1085,25,5,2027-12-21,271,110,88,253
1086,26,6,2027-12-22,290,74,67,226
1087,27,7,2027-12-23,106,35,63,84
1088,28,8,2027-12-24,100,41,48,97
1089,29,9,2027-12-25,178,69,90,137
1090,30,10,2027-12-26,79,39,84,1
1091,31,1,2027-12-27,260,111,72,284
1092,32,2,2027-12-28,222,77,68,277
1093,33,3,2027-12-29,292,117,67,291
1094,34,4,2027-12-30,282,90,76,249
1095,35,5,2027-12-31,216,85,65,274
1096,36,6,2028-01-01,202,93,88,205
1097,37,7,2028-01-02,80,39,47,89
1098,38,8,2028-01-03,113,60,54,0
1099,39,9,2028-01-04,177,60,59,181
1100,40,10,2028-01-05,49,20,76,0
1101,41,1,2028-01-06,216,115,52,357
1102,42,2,2028-01-07,291,116,82,275
1103,43,3,2028-01-08,215,86,82,264
1104,44,4,2028-01-09,294,72,75,248
1105,45,5,2028-01-10,275,107,84,274
1106,46,6,2028-01-11,236,106,57,290
1107,47,7,2028-01-12,81,35,44,74
1108,48,8,2028-01-13,115,21,75,47
1109,49,9,2028-01-14,183,63,48,165
1110,50,10,2028-01-15,58,19,54,35
1111,51,1,2028-01-16,221,105,77,228
1112,52,2,2028-01-17,274,83,81,216
1113,53,3,2028-01-18,260,88,76,244
1114,54,4,2028-01-19,201,77,65,254
1115,55,5,2028-01-20,284,120,89,310
1116,56,6,2028-01-21,233,93,82,211
1117,57,7,2028-01-22,117,50,44,106
1118,58,8,2028-01-23,115,52,45,101
1119,59,9,2028-01-24,163,85,60,176
1120,60,10,2028-01-25,50,28,56,25
1121,61,1,2028-01-26,231,82,33,297
1122,62,2,2028-01-27,206,80,33,295
1123,63,3,2028-01-28,227,71,38,325
1124,64,4,2028-01-29,263,77,23,300
1125,65,5,2028-01-30,217,74,19,267
1126,66,6,2028-01-31,215,87,25,344
1127,67,7,2028-02-01,118,39,38,88
1128,68,8,2028-02-02,111,27,35,0
1129,69,9,2028-02-03,155,80,33,248
1130,70,10,2028-02-04,80,37,26,72
1131,71,1,2028-02-05,279,104,12,310
1132,72,2,2028-02-06,258,106,28,367
1133,73,3,2028-02-07,208,105,33,301
1134,74,4,2028-02-08,245,95,40,255
1135,75,5,2028-02-09,276,85,33,264
1136,76,6,2028-02-10,222,90,27,288
1137,77,7,2028-02-11,90,32,10,114
1138,78,8,2028-02-12,91,25,33,93
1139,79,9,2028-02-13,156,63,31,213
1140,80,10,2028-02-14,79,10,31,0
1141,81,1,2028-02-15,281,106,26,303
1142,82,2,2028-02-16,240,103,25,324
1143,83,3,2028-02-17,222,90,31,304
1144,84,4,2028-02-18,202,101,36,365
1145,85,5,2028-02-19,248,91,39,286
1146,86,6,2028-02-20,212,80,24,332
1147,87,7,2028-02-21,108,53,20,0
1148,88,8,2028-02-22,97,47,36,110
1149,89,9,2028-02-23,167,55,39,170
1150,90,10,2028-02-24,57,34,31,62
1151,91,1,2028-02-25,271,81,33,254
1152,92,2,2028-02-26,244,105,23,338
1153,93,3,2028-02-27,246,115,13,330
1154,94,4,2028-02-28,240,70,14,299
1155,95,5,2028-02-29,233,92,12,306
1156,96,6,2028-03-01,214,95,33,352
1157,97,7,2028-03-02,106,60,12,161
1158,98,8,2028-03-03,80,41,23,129
1159,99,9,2028-03-04,151,66,38,233
1160,100,10,2028-03-05,45,23,25,55
1161,21,1,2028-03-06,211,117,43,332
1162,22,2,2028-03-07,270,71,74,272
1163,23,3,2028-03-08,284,74,56,295
1164,24,4,2028-03-09,256,77,69,278
1165,25,5,2028-03-10,276,81,56,266
1166,26,6,2028-03-11,201,112,69,336
1167,27,7,2028-03-12,103,30,47,74
1168,28,8,2028-03-13,109,46,40,0
1169,29,9,2028-03-14,168,72,49,227
1170,30,10,2028-03-15,68,28,74,0
1171,31,1,2028-03-16,263,92,72,251
1172,32,2,2028-03-17,236,102,46,304
1173,33,3,2028-03-18,244,70,62,257
1174,34,4,2028-03-19,270,116,50,313
1175,35,5,2028-03-20,292,101,58,261
1176,36,6,2028-03-21,230,89,46,272
1177,37,7,2028-03-22,91,25,84,48
1178,38,8,2028-03-23,116,58,75,0
1179,39,9,2028-03-24,169,74,68,192
1180,40,10,2028-03-25,71,32,54,18
1181,41,1,2028-03-26,289,71,85,271
1182,42,2,2028-03-27,297,70,46,233
1183,43,3,2028-03-28,252,94,77,234
1184,44,4,2028-03-29,232,77,61,233
1185,45,5,2028-03-30,287,115,85,299
1186,46,6,2028-03-31,253,106,48,274
1187,47,7,2028-04-01,116,47,78,0
1188,48,8,2028-04-02,80,24,44,75
1189,49,9,2028-04-03,172,57,75,161
1190,50,10,2028-04-04,75,11,88,0
1191,51,1,2028-04-05,250,117,62,265
1192,52,2,2028-04-06,286,78,58,230
1193,53,3,2028-04-07,267,94,55,278
1194,54,4,2028-04-08,259,108,75,249
1195,55,5,2028-04-09,287,120,75,245
1196,56,6,2028-04-10,201,118,87,272
1197,57,7,2028-04-11,80,27,75,0
1198,58,8,2028-04-12,108,31,44,89
1199,59,9,2028-04-13,171,56,72,184
1200,60,10,2028-04-14,55,23,67,0
1201,61,1,2028-04-15,295,107,15,309
1202,62,2,2028-04-16,218,116,15,309
1203,63,3,2028-04-17,201,108,22,295
1204,64,4,2028-04-18,210,84,19,338
1205,65,5,2028-04-19,224,85,16,293
1206,66,6,2028-04-20,220,109,12,326
1207,67,7,2028-04-21,84,26,35,110
1208,68,8,2028-04-22,87,29,33,111
1209,69,9,2028-04-23,175,57,12,227
1210,70,10,2028-04-24,61,13,30,27
1211,71,1,2028-04-25,200,88,22,323
1212,72,2,2028-04-26,214,96,27,300
1213,73,3,2028-04-27,292,119,16,348
1214,74,4,2028-04-28,257,86,25,324
1215,75,5,2028-04-29,202,100,16,310
1216,76,6,2028-04-30,220,120,18,318
1217,77,7,2028-05-01,94,34,28,94
1218,78,8,2028-05-02,110,41,22,104
1219,79,9,2028-05-03,152,87,29,208
1220,80,10,2028-05-04,70,35,23,0
1221,81,1,2028-05-05,297,109,15,353
1222,82,2,2028-05-06,283,118,16,392
1223,83,3,2028-05-07,278,118,32,299
1224,84,4,2028-05-08,255,91,19,284
1225,85,5,2028-05-09,217,101,35,313
1226,86,6,2028-05-10,262,98,39,284
1227,87,7,2028-05-11,94,50,30,116
1228,88,8,2028-05-12,81,24,29,90
1229,89,9,2028-05-13,151,59,24,227
1230,90,10,2028-05-14,79,26,13,85
1231,91,1,2028-05-15,224,105,38,316
1232,92,2,2028-05-16,216,90,39,266
1233,93,3,2028-05-17,232,84,29,310
1234,94,4,2028-05-18,288,110,18,306
1235,95,5,2028-05-19,275,109,27,371
1236,96,6,2028-05-20,275,91,29,265
1237,97,7,2028-05-21,103,55,37,0
1238,98,8,2028-05-22,119,35,18,117
1239,99,9,2028-05-23,174,81,18,228
1240,100,10,2028-05-24,61,21,39,55
1241,21,1,2028-05-25,238,99,62,313
1242,22,2,2028-05-26,296,102,78,298
1243,23,3,2028-05-27,234,88,77,243
1244,24,4,2028-05-28,285,104,48,350
1245,25,5,2028-05-29,288,119,61,327
1246,26,6,2028-05-30,288,73,54,299
1247,27,7,2028-05-31,109,40,46,97
1248,28,8,2028-06-01,83,40,79,79
1249,29,9,2028-06-02,202,66,49,217
1250,30,10,2028-06-03,40,17,47,0
1251,31,1,2028-06-04,239,75,49,311
1252,32,2,2028-06-05,260,99,58,258
1253,33,3,2028-06-06,294,99,76,293
1254,34,4,2028-06-07,203,97,61,268
1255,35,5,2028-06-08,262,101,68,250
1256,36,6,2028-06-09,296,71,76,251
1257,37,7,2028-06-10,111,57,80,62
1258,38,8,2028-06-11,113,54,83,69
1259,39,9,2028-06-12,175,74,50,213
1260,40,10,2028-06-13,67,11,55,32
1261,41,1,2028-06-14,252,78,70,208
1262,42,2,2028-06-15,230,70,72,198
1263,43,3,2028-06-16,217,81,54,265
1264,44,4,2028-06-17,225,73,56,256
1265,45,5,2028-06-18,271,102,43,278
1266,46,6,2028-06-19,270,75,42,250
1267,47,7,2028-06-20,105,57,88,72
1268,48,8,2028-06-21,109,58,57,108
1269,49,9,2028-06-22,159,55,59,150
1270,50,10,2028-06-23,41,17,90,0
1271,51,1,2028-06-24,206,82,45,263
1272,52,2,2028-06-25,240,73,55,294
1273,53,3,2028-06-26,226,97,61,251
1274,54,4,2028-06-27,242,117,52,353
1275,55,5,2028-06-28,293,105,63,302
1276,56,6,2028-06-29,248,97,70,281
1277,57,7,2028-06-30,88,43,40,98
1278,58,8,2028-07-01,117,44,62,88
1279,59,9,2028-07-02,201,75,86,139
1280,60,10,2028-07-03,76,34,67,17
1281,61,1,2028-07-04,230,79,21,281
1282,62,2,2028-07-05,275,91,21,348
1283,63,3,2028-07-06,215,108,19,339
1284,64,4,2028-07-07,287,84,13,276
1285,65,5,2028-07-08,236,107,22,309
1286,66,6,2028-07-09,227,117,38,303
1287,67,7,2028-07-10,82,38,12,134
1288,68,8,2028-07-11,119,28,20,119
1289,69,9,2028-07-12,168,89,17,252
1290,70,10,2028-07-13,44,36,15,0
1291,71,1,2028-07-14,252,90,18,307
1292,72,2,2028-07-15,234,89,40,300
1293,73,3,2028-07-16,220,85,38,345
1294,74,4,2028-07-17,298,114,25,304
1295,75,5,2028-07-18,294,97,27,355
1296,76,6,2028-07-19,285,111,24,347
1297,77,7,2028-07-20,106,48,14,150
1298,78,8,2028-07-21,88,26,17,111
1299,79,9,2028-07-22,203,77,31,198
1300,80,10,2028-07-23,75,36,33,76
1301,81,1,2028-07-24,291,71,14,266
1302,82,2,2028-07-25,214,92,28,347
1303,83,3,2028-07-26,205,89,24,360
1304,84,4,2028-07-27,236,104,29,351
1305,85,5,2028-07-28,268,88,28,328
1306,86,6,2028-07-29,265,113,38,326
1307,87,7,2028-07-30,87,39,24,108
1308,88,8,2028-07-31,94,54,11,0
1309,89,9,2028-08-01,197,71,37,244
1310,90,10,2028-08-02,46,31,26,0
1311,91,1,2028-08-03,298,88,29,286
1312,92,2,2028-08-04,297,88,26,361
1313,93,3,2028-08-05,220,107,20,339
1314,94,4,2028-08-06,299,111,22,315
1315,95,5,2028-08-07,288,78,24,308
1316,96,6,2028-08-08,270,71,38,241
1317,97,7,2028-08-09,93,52,14,0
1318,98,8,2028-08-10,115,58,15,0
1319,99,9,2028-08-11,196,57,35,206
1320,100,10,2028-08-12,78,29,39,0
1321,21,1,2028-08-13,257,94,46,282
1322,22,2,2028-08-14,294,77,77,266
1323,23,3,2028-08-15,281,103,46,294
1324,24,4,2028-08-16,272,91,58,253
1325,25,5,2028-08-17,269,78,84,210
1326,26,6,2028-08-18,292,89,66,235
1327,27,7,2028-08-19,101,57,51,86
1328,28,8,2028-08-20,118,28,48,73
1329,29,9,2028-08-21,183,77,90,170
1330,30,10,2028-08-22,61,31,71,7
1331,31,1,2028-08-23,297,112,70,263
1332,32,2,2028-08-24,267,86,69,276
1333,33,3,2028-08-25,295,104,65,284
1334,34,4,2028-08-26,280,90,64,227
1335,35,5,2028-08-27,236,89,43,327
1336,36,6,2028-08-28,219,81,65,238
1337,37,7,2028-08-29,88,27,85,53
1338,38,8,2028-08-30,115,54,83,66
1339,39,9,2028-08-31,186,79,49,183
1340,40,10,2028-09-01,80,30,72,10
1341,41,1,2028-09-02,294,78,41,286
1342,42,2,2028-09-03,248,109,55,267
1343,43,3,2028-09-04,204,96,84,226
1344,44,4,2028-09-05,247,74,46,257
1345,45,5,2028-09-06,246,118,43,282
1346,46,6,2028-09-07,240,92,84,298
1347,47,7,2028-09-08,110,29,88,52
1348,48,8,2028-09-09,84,45,89,74
1349,49,9,2028-09-10,176,57,45,204
1350,50,10,2028-09-11,79,31,73,31
1351,51,1,2028-09-12,268,98,50,266
1352,52,2,2028-09-13,229,80,47,308
1353,53,3,2028-09-14,257,86,55,293
1354,54,4,2028-09-15,292,92,70,255
1355,55,5,2028-09-16,205,114,68,304
1356,56,6,2028-09-17,239,95,64,256
1357,57,7,2028-09-18,85,59,54,0
1358,58,8,2028-09-19,88,46,79,71
1359,59,9,2028-09-20,168,55,73,184
1360,60,10,2028-09-21,58,39,52,0
1361,61,1,2028-09-22,231,92,13,351
1362,62,2,2028-09-23,268,103,11,331
1363,63,3,2028-09-24,224,78,38,255
1364,64,4,2028-09-25,263,106,19,312
1365,65,5,2028-09-26,220,114,14,329
1366,66,6,2028-09-27,282,91,16,338
1367,67,7,2028-09-28,108,43,33,114
1368,68,8,2028-09-29,86,23,31,95
1369,69,9,2028-09-30,181,73,33,242
1370,70,10,2028-10-01,74,19,14,71
1371,71,1,2028-10-02,237,94,10,381
1372,72,2,2028-10-03,290,94,37,357
1373,73,3,2028-10-04,239,90,26,328
1374,74,4,2028-10-05,231,102,30,359
1375,75,5,2028-10-06,254,92,25,333
1376,76,6,2028-10-07,214,80,34,332
1377,77,7,2028-10-08,115,45,22,143
1378,78,8,2028-10-09,117,60,29,142
1379,79,9,2028-10-10,193,82,14,265
1380,80,10,2028-10-11,53,23,32,31
1381,81,1,2028-10-12,265,105,28,279
1382,82,2,2028-10-13,230,107,29,292
1383,83,3,2028-10-14,216,103,28,305
1384,84,4,2028-10-15,295,81,29,350
1385,85,5,2028-10-16,205,92,18,368
1386,86,6,2028-10-17,276,98,17,379
1387,87,7,2028-10-18,98,45,30,107
1388,88,8,2028-10-19,91,29,11,114
1389,89,9,2028-10-20,173,54,32,199
1390,90,10,2028-10-21,62,13,20,69
1391,91,1,2028-10-22,231,98,34,265
1392,92,2,2028-10-23,263,96,35,288
1393,93,3,2028-10-24,259,76,10,272
1394,94,4,2028-10-25,286,104,36,283
1395,95,5,2028-10-26,263,83,20,349
1396,96,6,2028-10-27,300,70,36,266
1397,97,7,2028-10-28,89,26,17,91
1398,98,8,2028-10-29,101,49,33,0
1399,99,9,2028-10-30,156,80,15,259
1400,100,10,2028-10-31,63,25,20,0
1401,21,1,2028-11-01,225,77,65,230
1402,22,2,2028-11-02,259,83,68,261
1403,23,3,2028-11-03,242,89,89,282
1404,24,4,2028-11-04,252,88,57,302
1405,25,5,2028-11-05,278,97,79,284
1406,26,6,2028-11-06,297,113,83,300
1407,27,7,2028-11-07,115,50,77,69
1408,28,8,2028-11-08,97,34,56,86
1409,29,9,2028-11-09,171,70,40,200
1410,30,10,2028-11-10,43,20,72,20
1411,31,1,2028-11-11,245,109,51,285
1412,32,2,2028-11-12,240,86,55,240
1413,33,3,2028-11-13,237,96,46,298
1414,34,4,2028-11-14,231,120,46,306
1415,35,5,2028-11-15,246,113,79,254
1416,36,6,2028-11-16,289,110,86,292
1417,37,7,2028-11-17,83,44,46,105
1418,38,8,2028-11-18,93,60,88,65
1419,39,9,2028-11-19,189,76,65,178
1420,40,10,2028-11-20,55,25,65,0
1421,41,1,2028-11-21,283,111,78,265
1422,42,2,2028-11-22,278,79,67,239
1423,43,3,2028-11-23,290,103,58,264
1424,44,4,2028-11-24,264,95,82,248
1425,45,5,2028-11-25,216,106,86,250
1426,46,6,2028-11-26,200,116,70,272
1427,47,7,2028-11-27,86,37,45,90
1428,48,8,2028-11-28,94,30,60,0
1429,49,9,2028-11-29,174,53,43,160
1430,50,10,2028-11-30,44,32,83,20
1431,51,1,2028-12-01,295,85,69,233
1432,52,2,2028-12-02,246,87,85,266
1433,53,3,2028-12-03,222,99,43,277
1434,54,4,2028-12-04,216,106,71,254
1435,55,5,2028-12-05,227,73,80,234
1436,56,6,2028-12-06,289,71,83,248
1437,57,7,2028-12-07,116,48,88,61
1438,58,8,2028-12-08,117,43,44,105
1439,59,9,2028-12-09,203,88,71,185
1440,60,10,2028-12-10,60,17,55,0
1441,61,1,2028-12-11,204,76,27,333
1442,62,2,2028-12-12,254,99,37,335
1443,63,3,2028-12-13,204,77,29,331
1444,64,4,2028-12-14,278,99,19,353
1445,65,5,2028-12-15,212,88,22,334
1446,66,6,2028-12-16,287,93,24,307
1447,67,7,2028-12-17,106,21,21,94
1448,68,8,2028-12-18,90,57,26,0
1449,69,9,2028-12-19,193,77,38,242
1450,70,10,2028-12-20,48,31,34,0
1451,71,1,2028-12-21,209,101,30,357
1452,72,2,2028-12-22,208,118,24,316
1453,73,3,2028-12-23,296,72,19,265
1454,74,4,2028-12-24,281,81,24,332
1455,75,5,2028-12-25,215,77,20,290
1456,76,6,2028-12-26,296,96,33,309
1457,77,7,2028-12-27,102,38,13,118
1458,78,8,2028-12-28,92,56,30,0
1459,79,9,2028-12-29,158,55,12,232
1460,80,10,2028-12-30,78,37,38,57
1461,81,1,2028-12-31,267,83,16,283
1462,82,2,2029-01-01,210,112,30,343
1463,83,3,2029-01-02,213,78,27,347
1464,84,4,2029-01-03,231,101,22,338
1465,85,5,2029-01-04,241,94,31,315
1466,86,6,2029-01-05,235,74,28,324
1467,87,7,2029-01-06,89,28,23,121
1468,88,8,2029-01-07,110,27,11,116
1469,89,9,2029-01-08,186,75,20,251
1470,90,10,2029-01-09,64,35,16,85
1471,91,1,2029-01-10,267,88,24,279
1472,92,2,2029-01-11,272,89,39,345
1473,93,3,2029-01-12,292,103,13,327
1474,94,4,2029-01-13,279,86,35,322
1475,95,5,2029-01-14,212,84,15,284
1476,96,6,2029-01-15,209,85,37,258
1477,97,7,2029-01-16,117,59,32,137
1478,98,8,2029-01-17,111,45,27,103
1479,99,9,2029-01-18,207,59,31,202
1480,100,10,2029-01-19,60,11,13,42
1481,21,1,2029-01-20,221,74,88,186
1482,22,2,2029-01-21,294,107,68,262
1483,23,3,2029-01-22,233,73,85,215
1484,24,4,2029-01-23,221,103,49,319
1485,25,5,2029-01-24,209,98,41,343
1486,26,6,2029-01-25,204,117,61,289
1487,27,7,2029-01-26,104,57,59,81
1488,28,8,2029-01-27,90,59,85,66
1489,29,9,2029-01-28,192,77,69,173
1490,30,10,2029-01-29,59,30,75,12
1491,31,1,2029-01-30,277,80,73,231
1492,32,2,2029-01-31,267,86,53,274
1493,33,3,2029-02-01,243,105,73,279
1494,34,4,2029-02-02,203,116,83,316
1495,35,5,2029-02-03,273,70,57,280
1496,36,6,2029-02-04,295,92,46,329
1497,37,7,2029-02-05,119,42,83,58
1498,38,8,2029-02-06,113,60,46,96
1499,39,9,2029-02-07,195,57,46,182
1500,40,10,2029-02-08,80,28,62,0
1501,41,1,2029-02-09,218,115,44,284
1502,42,2,2029-02-10,265,74,44,322
1503,43,3,2029-02-11,284,109,69,327
1504,44,4,2029-02-12,250,94,76,303
1505,45,5,2029-02-13,210,77,89,241
1506,46,6,2029-02-14,265,70,51,256
1507,47,7,2029-02-15,118,47,66,86
1508,48,8,2029-02-16,119,47,44,0
1509,49,9,2029-02-17,190,81,69,194
1510,50,10,2029-02-18,59,19,67,0
1511,51,1,2029-02-19,272,78,89,213
1512,52,2,2029-02-20,238,98,57,305
1513,53,3,2029-02-21,265,89,78,288
1514,54,4,2029-02-22,260,81,86,245
1515,55,5,2029-02-23,216,110,79,304
1516,56,6,2029-02-24,220,99,86,287
1517,57,7,2029-02-25,90,39,43,82
1518,58,8,2029-02-26,113,48,64,70
1519,59,9,2029-02-27,178,79,67,174
1520,60,10,2029-02-28,59,20,49,11
1521,61,1,2029-03-01,224,86,26,339
1522,62,2,2029-03-02,263,98,31,346
1523,63,3,2029-03-03,297,88,19,328
1524,64,4,2029-03-04,269,79,25,293
1525,65,5,2029-03-05,270,100,29,296
1526,66,6,2029-03-06,237,97,22,358
1527,67,7,2029-03-07,97,33,23,0
1528,68,8,2029-03-08,118,53,33,106
1529,69,9,2029-03-09,160,81,33,214
1530,70,10,2029-03-10,54,29,12,0
1531,71,1,2029-03-11,216,106,12,394
1532,72,2,2029-03-12,236,88,13,327
1533,73,3,2029-03-13,201,109,25,339
1534,74,4,2029-03-14,218,93,23,351
1535,75,5,2029-03-15,251,85,24,348
1536,76,6,2029-03-16,270,105,32,361
1537,77,7,2029-03-17,116,26,37,98
1538,78,8,2029-03-18,107,31,24,120
1539,79,9,2029-03-19,175,68,11,208
1540,80,10,2029-03-20,41,23,39,56
1541,81,1,2029-03-21,252,115,25,359
1542,82,2,2029-03-22,291,119,11,387
1543,83,3,2029-03-23,223,112,23,319
1544,84,4,2029-03-24,271,80,34,313
1545,85,5,2029-03-25,202,103,13,371
1546,86,6,2029-03-26,210,89,16,335
1547,87,7,2029-03-27,110,30,27,0
1548,88,8,2029-03-28,86,50,13,134
1549,89,9,2029-03-29,202,63,36,218
1550,90,10,2029-03-30,57,16,36,57
1551,91,1,2029-03-31,212,84,19,362
1552,92,2,2029-04-01,200,87,12,321
1553,93,3,2029-04-02,300,103,28,325
1554,94,4,2029-04-03,263,105,22,355
1555,95,5,2029-04-04,221,81,37,298
1556,96,6,2029-04-05,216,113,36,322
1557,97,7,2029-04-06,95,56,30,106
1558,98,8,2029-04-07,95,23,12,114
1559,99,9,2029-04-08,164,79,15,245
1560,100,10,2029-04-09,75,39,25,79
1561,21,1,2029-04-10,256,80,43,286
1562,22,2,2029-04-11,203,73,58,241
1563,23,3,2029-04-12,240,110,76,262
1564,24,4,2029-04-13,227,111,67,322
1565,25,5,2029-04-14,264,116,67,339
1566,26,6,2029-04-15,232,93,54,260
1567,27,7,2029-04-16,96,56,45,122
1568,28,8,2029-04-17,93,27,79,60
1569,29,9,2029-04-18,191,60,89,123
1570,30,10,2029-04-19,64,10,63,0
1571,31,1,2029-04-20,216,71,54,270
1572,32,2,2029-04-21,200,89,73,264
1573,33,3,2029-04-22,252,119,62,288
1574,34,4,2029-04-23,203,93,85,263
1575,35,5,2029-04-24,266,90,66,255
1576,36,6,2029-04-25,208,111,62,249
1577,37,7,2029-04-26,113,40,42,94
1578,38,8,2029-04-27,83,60,64,0
1579,39,9,2029-04-28,192,50,62,181
1580,40,10,2029-04-29,62,17,87,0
1581,41,1,2029-04-30,203,77,83,239
1582,42,2,2029-05-01,282,74,57,288
1583,43,3,2029-05-02,251,107,76,305
1584,44,4,2029-05-03,217,101,45,332
1585,45,5,2029-05-04,238,86,52,259
1586,46,6,2029-05-05,247,77,66,232
1587,47,7,2029-05-06,102,59,88,0
1588,48,8,2029-05-07,108,37,58,0
1589,49,9,2029-05-08,198,65,88,184
1590,50,10,2029-05-09,70,16,65,0
1591,51,1,2029-05-10,289,99,45,306
1592,52,2,2029-05-11,299,88,63,251
1593,53,3,2029-05-12,227,75,60,305
1594,54,4,2029-05-13,245,103,88,245
1595,55,5,2029-05-14,298,100,71,297
1596,56,6,2029-05-15,208,95,61,240
1597,57,7,2029-05-16,82,23,67,55
1598,58,8,2029-05-17,110,33,86,0
1599,59,9,2029-05-18,193,87,86,165
1600,60,10,2029-05-19,64,33,59,37
1601,61,1,2029-05-20,208,74,26,314
1602,62,2,2029-05-21,218,115,17,337
1603,63,3,2029-05-22,277,104,34,321
1604,64,4,2029-05-23,290,105,35,364
1605,65,5,2029-05-24,279,76,38,303
1606,66,6,2029-05-25,275,83,18,325
1607,67,7,2029-05-26,103,28,19,105
1608,68,8,2029-05-27,96,29,14,131
1609,69,9,2029-05-28,150,53,12,206
1610,70,10,2029-05-29,77,33,16,0
1611,71,1,2029-05-30,263,75,18,328
1612,72,2,2029-05-31,254,103,20,292
1613,73,3,2029-06-01,260,98,33,317
1614,74,4,2029-06-02,290,82,12,370
1615,75,5,2029-06-03,230,95,12,378
1616,76,6,2029-06-04,270,77,12,324
1617,77,7,2029-06-05,103,41,24,0
1618,78,8,2029-06-06,84,58,13,164
1619,79,9,2029-06-07,178,88,37,230
1620,80,10,2029-06-08,71,29,38,0
1621,81,1,2029-06-09,205,115,31,288
1622,82,2,2029-06-10,269,88,26,358
1623,83,3,2029-06-11,202,91,21,323
1624,84,4,2029-06-12,299,89,35,272
1625,85,5,2029-06-13,253,73,15,285
1626,86,6,2029-06-14,275,107,31,323
1627,87,7,2029-06-15,120,25,33,86
1628,88,8,2029-06-16,107,35,37,108
1629,89,9,2029-06-17,192,67,37,203
1630,90,10,2029-06-18,66,11,40,0
1631,91,1,2029-06-19,224,90,23,284
1632,92,2,2029-06-20,275,119,32,378
1633,93,3,2029-06-21,286,114,28,362
1634,94,4,2029-06-22,225,76,34,322
1635,95,5,2029-06-23,209,79,34,255
1636,96,6,2029-06-24,250,118,38,317
1637,97,7,2029-06-25,82,25,29,99
1638,98,8,2029-06-26,118,27,40,97
1639,99,9,2029-06-27,182,84,33,217
1640,100,10,2029-06-28,62,13,16,0
1641,21,1,2029-06-29,225,75,71,269
1642,22,2,2029-06-30,223,77,70,292
1643,23,3,2029-07-01,281,111,80,323
1644,24,4,2029-07-02,223,76,89,279
1645,25,5,2029-07-03,216,88,60,319
1646,26,6,2029-07-04,211,107,52,288
1647,27,7,2029-07-05,91,44,88,61
1648,28,8,2029-07-06,85,29,75,40
1649,29,9,2029-07-07,206,59,70,157
1650,30,10,2029-07-08,54,26,50,0
1651,31,1,2029-07-09,214,118,48,285
1652,32,2,2029-07-10,255,80,81,244
1653,33,3,2029-07-11,247,82,77,235
1654,34,4,2029-07-12,214,79,57,312
1655,35,5,2029-07-13,251,118,65,329
1656,36,6,2029-07-14,241,101,62,286
1657,37,7,2029-07-15,113,21,81,49
1658,38,8,2029-07-16,91,51,59,94
1659,39,9,2029-07-17,197,82,53,195
1660,40,10,2029-07-18,59,21,87,0
1661,41,1,2029-07-19,210,104,75,266
1662,42,2,2029-07-20,249,70,50,300
1663,43,3,2029-07-21,288,95,50,265
1664,44,4,2029-07-22,279,96,80,282
1665,45,5,2029-07-23,244,77,55,272
1666,46,6,2029-07-24,231,101,47,335
1667,47,7,2029-07-25,115,28,66,46
1668,48,8,2029-07-26,105,48,61,89
1669,49,9,2029-07-27,192,76,74,166
1670,50,10,2029-07-28,73,19,60,14
1671,51,1,2029-07-29,282,70,90,238
1672,52,2,2029-07-30,240,100,53,313
1673,53,3,2029-07-31,254,93,59,320
1674,54,4,2029-08-01,239,106,50,341
1675,55,5,2029-08-02,206,111,44,331
1676,56,6,2029-08-03,249,84,43,264
1677,57,7,2029-08-04,94,46,73,56
1678,58,8,2029-08-05,84,31,53,97
1679,59,9,2029-08-06,196,59,41,210
1680,60,10,2029-08-07,76,34,77,32
1681,61,1,2029-08-08,258,104,22,315
1682,62,2,2029-08-09,253,85,40,313
1683,63,3,2029-08-10,283,97,23,362
1684,64,4,2029-08-11,259,89,15,359
1685,65,5,2029-08-12,210,117,27,294
1686,66,6,2029-08-13,279,113,25,384
1687,67,7,2029-08-14,112,58,19,156
1688,68,8,2029-08-15,113,36,17,122
1689,69,9,2029-08-16,171,74,30,230
1690,70,10,2029-08-17,59,24,15,70
1691,71,1,2029-08-18,221,92,27,321
1692,72,2,2029-08-19,242,96,33,321
1693,73,3,2029-08-20,244,95,37,263
1694,74,4,2029-08-21,276,95,24,272
1695,75,5,2029-08-22,201,89,38,268
1696,76,6,2029-08-23,260,82,32,317
1697,77,7,2029-08-24,84,29,21,126
1698,78,8,2029-08-25,120,30,31,97
1699,79,9,2029-08-26,167,61,20,236
1700,80,10,2029-08-27,48,10,20,0
1701,81,1,2029-08-28,290,107,26,337
1702,82,2,2029-08-29,283,86,22,332
1703,83,3,2029-08-30,284,105,10,356
1704,84,4,2029-08-31,218,89,32,305
1705,85,5,2029-09-01,294,106,11,307
1706,86,6,2029-09-02,214,81,24,318
1707,87,7,2029-09-03,109,47,19,126
1708,88,8,2029-09-04,113,26,36,104
1709,89,9,2029-09-05,160,88,28,217
1710,90,10,2029-09-06,56,30,32,39
1711,91,1,2029-09-07,276,114,20,378
1712,92,2,2029-09-08,270,103,20,377
1713,93,3,2029-09-09,240,86,40,295
1714,94,4,2029-09-10,205,96,31,315
1715,95,5,2029-09-11,274,101,21,325
1716,96,6,2029-09-12,267,92,32,284
1717,97,7,2029-09-13,106,35,31,91
1718,98,8,2029-09-14,110,35,11,140
1719,99,9,2029-09-15,180,89,11,264
1720,100,10,2029-09-16,50,19,33,28
1721,21,1,2029-09-17,206,75,57,237
1722,22,2,2029-09-18,252,106,72,313
1723,23,3,2029-09-19,270,105,52,275
1724,24,4,2029-09-20,263,79,64,224
1725,25,5,2029-09-21,266,81,42,334
1726,26,6,2029-09-22,265,118,84,318
1727,27,7,2029-09-23,86,21,46,65
1728,28,8,2029-09-24,84,41,80,58
1729,29,9,2029-09-25,206,83,72,172
1730,30,10,2029-09-26,52,14,89,0
1731,31,1,2029-09-27,257,114,75,295
1732,32,2,2029-09-28,227,118,43,292
1733,33,3,2029-09-29,231,104,53,289
1734,34,4,2029-09-30,220,111,76,248
1735,35,5,2029-10-01,219,73,70,261
1736,36,6,2029-10-02,272,101,48,333
1737,37,7,2029-10-03,89,50,65,88
1738,38,8,2029-10-04,83,41,62,82
1739,39,9,2029-10-05,152,76,85,199
1740,40,10,2029-10-06,56,24,70,18
1741,41,1,2029-10-07,211,88,42,285
1742,42,2,2029-10-08,250,90,44,270
1743,43,3,2029-10-09,276,91,66,231
1744,44,4,2029-10-10,226,76,57,270
1745,45,5,2029-10-11,270,113,51,360
1746,46,6,2029-10-12,218,98,63,293
1747,47,7,2029-10-13,103,47,57,91
1748,48,8,2029-10-14,97,45,79,54
1749,49,9,2029-10-15,178,80,86,147
1750,50,10,2029-10-16,43,22,84,10
1751,51,1,2029-10-17,244,84,80,229
1752,52,2,2029-10-18,284,77,90,267
1753,53,3,2029-10-19,209,104,77,307
1754,54,4,2029-10-20,273,110,64,301
1755,55,5,2029-10-21,226,112,90,283
1756,56,6,2029-10-22,269,102,63,314
1757,57,7,2029-10-23,115,60,55,100
1758,58,8,2029-10-24,117,25,82,34
1759,59,9,2029-10-25,191,85,42,234
1760,60,10,2029-10-26,41,11,55,0
1761,61,1,2029-10-27,216,103,23,310
1762,62,2,2029-10-28,202,99,11,299
1763,63,3,2029-10-29,297,119,21,386
1764,64,4,2029-10-30,282,109,11,389
1765,65,5,2029-10-31,223,71,13,292
1766,66,6,2029-11-01,300,116,12,398
1767,67,7,2029-11-02,114,54,36,118
1768,68,8,2029-11-03,96,29,29,90
1769,69,9,2029-11-04,162,81,28,243
1770,70,10,2029-11-05,46,20,21,69
1771,71,1,2029-11-06,202,94,22,296
1772,72,2,2029-11-07,220,112,23,331
1773,73,3,2029-11-08,267,78,21,348
1774,74,4,2029-11-09,231,108,18,361
1775,75,5,2029-11-10,284,117,38,342
1776,76,6,2029-11-11,205,91,29,324
1777,77,7,2029-11-12,116,37,14,120
1778,78,8,2029-11-13,119,26,29,95
1779,79,9,2029-11-14,169,53,19,188
1780,80,10,2029-11-15,66,27,10,62
1781,81,1,2029-11-16,210,117,24,323
1782,82,2,2029-11-17,285,100,30,338
1783,83,3,2029-11-18,252,96,30,338
1784,84,4,2029-11-19,200,82,40,300
1785,85,5,2029-11-20,219,118,29,321
1786,86,6,2029-11-21,229,115,13,344
1787,87,7,2029-11-22,94,41,13,0
1788,88,8,2029-11-23,114,37,23,0
1789,89,9,2029-11-24,176,53,12,243
1790,90,10,2029-11-25,48,14,30,35
1791,91,1,2029-11-26,286,90,20,292
1792,92,2,2029-11-27,226,76,40,334
1793,93,3,2029-11-28,267,100,20,371
1794,94,4,2029-11-29,246,109,37,274
1795,95,5,2029-11-30,217,95,19,309
1796,96,6,2029-12-01,252,71,25,247
1797,97,7,2029-12-02,96,30,10,117
1798,98,8,2029-12-03,90,35,19,107
1799,99,9,2029-12-04,153,76,40,244
1800,100,10,2029-12-05,66,33,34,42
1801,21,1,2029-12-06,257,97,45,269
1802,22,2,2029-12-07,263,95,88,286
1803,23,3,2029-12-08,263,102,71,243
1804,24,4,2029-12-09,223,106,55,337
1805,25,5,2029-12-10,223,70,40,279
1806,26,6,2029-12-11,257,75,49,306
1807,27,7,2029-12-12,112,37,58,67
1808,28,8,2029-12-13,81,55,73,97
1809,29,9,2029-12-14,153,61,60,152
1810,30,10,2029-12-15,49,30,61,21
1811,31,1,2029-12-16,238,102,58,249
1812,32,2,2029-12-17,256,98,58,286
1813,33,3,2029-12-18,251,101,54,343
1814,34,4,2029-12-19,240,72,68,256
1815,35,5,2029-12-20,257,99,78,261
1816,36,6,2029-12-21,289,77,68,214
1817,37,7,2029-12-22,90,24,80,31
1818,38,8,2029-12-23,87,33,62,86
1819,39,9,2029-12-24,182,61,53,166
1820,40,10,2029-12-25,77,20,66,3
1821,41,1,2029-12-26,241,97,61,250
1822,42,2,2029-12-27,217,118,56,336
1823,43,3,2029-12-28,239,108,68,309
1824,44,4,2029-12-29,209,86,78,222
1825,45,5,2029-12-30,234,85,54,322
1826,46,6,2029-12-31,262,85,51,290
1827,47,7,2030-01-01,115,29,54,57
1828,48,8,2030-01-02,91,21,48,62
1829,49,9,2030-01-03,171,61,67,190
1830,50,10,2030-01-04,55,12,57,0
1831,51,1,2030-01-05,289,101,67,246
1832,52,2,2030-01-06,293,72,67,282
1833,53,3,2030-01-07,215,112,83,229
1834,54,4,2030-01-08,246,106,60,262
1835,55,5,2030-01-09,200,113,82,273
1836,56,6,2030-01-10,215,75,82,224
1837,57,7,2030-01-11,120,30,51,95
1838,58,8,2030-01-12,95,50,74,67
1839,59,9,2030-01-13,195,54,90,162
1840,60,10,2030-01-14,52,16,87,0
1841,61,1,2030-01-15,204,78,35,274
1842,62,2,2030-01-16,256,106,10,301
1843,63,3,2030-01-17,255,85,33,346
1844,64,4,2030-01-18,296,92,40,258
1845,65,5,2030-01-19,213,84,15,282
1846,66,6,2030-01-20,262,94,13,351
1847,67,7,2030-01-21,112,51,37,128
1848,68,8,2030-01-22,111,29,32,95
1849,69,9,2030-01-23,208,73,36,222
1850,70,10,2030-01-24,72,11,16,63
1851,71,1,2030-01-25,236,90,32,325
1852,72,2,2030-01-26,201,102,34,347
1853,73,3,2030-01-27,217,71,16,295
1854,74,4,2030-01-28,215,95,37,351
1855,75,5,2030-01-29,214,73,34,327
1856,76,6,2030-01-30,254,79,26,329
1857,77,7,2030-01-31,105,55,35,118
1858,78,8,2030-02-01,105,38,38,86
1859,79,9,2030-02-02,207,72,36,245
1860,80,10,2030-02-03,52,10,25,51
1861,81,1,2030-02-04,237,100,31,332
1862,82,2,2030-02-05,299,71,16,307
1863,83,3,2030-02-06,300,102,39,337
1864,84,4,2030-02-07,214,119,40,325
1865,85,5,2030-02-08,292,91,27,277
1866,86,6,2030-02-09,267,93,14,321
1867,87,7,2030-02-10,114,47,25,121
1868,88,8,2030-02-11,101,56,35,102
1869,89,9,2030-02-12,202,79,19,225
1870,90,10,2030-02-13,53,34,13,0
1871,91,1,2030-02-14,251,82,17,291
1872,92,2,2030-02-15,224,99,32,348
1873,93,3,2030-02-16,210,114,37,376
1874,94,4,2030-02-17,244,70,37,281
1875,95,5,2030-02-18,274,108,20,333
1876,96,6,2030-02-19,276,79,40,268
1877,97,7,2030-02-20,99,43,10,130
1878,98,8,2030-02-21,114,54,35,102
1879,99,9,2030-02-22,199,56,33,182
1880,100,10,2030-02-23,48,32,14,0
1881,21,1,2030-02-24,260,77,46,309
1882,22,2,2030-02-25,251,79,67,275
1883,23,3,2030-02-26,282,72,76,207
1884,24,4,2030-02-27,256,88,43,257
1885,25,5,2030-02-28,257,71,53,229
1886,26,6,2030-03-01,218,112,57,271
1887,27,7,2030-03-02,101,53,43,106
1888,28,8,2030-03-03,84,35,76,72
1889,29,9,2030-03-04,169,71,65,176
1890,30,10,2030-03-05,78,35,90,1
1891,31,1,2030-03-06,231,100,80,246
1892,32,2,2030-03-07,202,115,56,279
1893,33,3,2030-03-08,263,71,73,248
1894,34,4,2030-03-09,228,109,65,326
1895,35,5,2030-03-10,221,80,72,224
1896,36,6,2030-03-11,257,118,69,290
1897,37,7,2030-03-12,89,21,52,65
1898,38,8,2030-03-13,117,54,76,91
1899,39,9,2030-03-14,183,73,44,200
1900,40,10,2030-03-15,80,24,52,46
1901,41,1,2030-03-16,291,75,65,261
1902,42,2,2030-03-17,216,97,87,215
1903,43,3,2030-03-18,229,111,50,306
1904,44,4,2030-03-19,228,114,53,292
1905,45,5,2030-03-20,228,85,68,223
1906,46,6,2030-03-21,239,85,44,320
1907,47,7,2030-03-22,83,49,55,97
1908,48,8,2030-03-23,115,27,79,36
1909,49,9,2030-03-24,189,85,43,229
1910,50,10,2030-03-25,43,13,88,5
1911,51,1,2030-03-26,254,92,77,280
1912,52,2,2030-03-27,300,81,81,260
1913,53,3,2030-03-28,219,116,52,358
1914,54,4,2030-03-29,220,72,42,253
1915,55,5,2030-03-30,279,104,41,331
1916,56,6,2030-03-31,201,116,49,358
1917,57,7,2030-04-01,80,56,40,0
1918,58,8,2030-04-02,104,27,58,80
1919,59,9,2030-04-03,165,57,79,157
1920,60,10,2030-04-04,42,12,81,0
1921,61,1,2030-04-05,214,100,37,361
1922,62,2,2030-04-06,204,89,40,251
1923,63,3,2030-04-07,291,77,26,319
1924,64,4,2030-04-08,216,77,24,272
1925,65,5,2030-04-09,206,72,31,313
1926,66,6,2030-04-10,207,109,32,299
1927,67,7,2030-04-11,118,35,40,0
1928,68,8,2030-04-12,88,38,33,103
1929,69,9,2030-04-13,166,69,33,203
1930,70,10,2030-04-14,67,21,15,0
1931,71,1,2030-04-15,255,117,34,312
1932,72,2,2030-04-16,281,78,21,348
1933,73,3,2030-04-17,294,117,27,381
1934,74,4,2030-04-18,289,82,14,358
1935,75,5,2030-04-19,267,107,17,341
1936,76,6,2030-04-20,280,83,19,265
1937,77,7,2030-04-21,91,60,33,142
1938,78,8,2030-04-22,98,33,27,98
1939,79,9,2030-04-23,200,65,31,197
1940,80,10,2030-04-24,57,40,13,84
1941,81,1,2030-04-25,228,78,21,268
1942,82,2,2030-04-26,209,98,13,311
1943,83,3,2030-04-27,212,92,38,282
1944,84,4,2030-04-28,292,96,19,295
1945,85,5,2030-04-29,208,104,16,299
1946,86,6,2030-04-30,251,112,40,361
1947,87,7,2030-05-01,84,53,12,148
1948,88,8,2030-05-02,102,60,23,0
1949,89,9,2030-05-03,207,88,12,249
1950,90,10,2030-05-04,75,35,19,0
1951,91,1,2030-05-05,216,74,37,271
1952,92,2,2030-05-06,209,111,31,314
1953,93,3,2030-05-07,250,115,11,325
1954,94,4,2030-05-08,274,115,24,346
1955,95,5,2030-05-09,285,94,32,309
1956,96,6,2030-05-10,207,115,28,310
1957,97,7,2030-05-11,100,28,31,96
1958,98,8,2030-05-12,113,50,39,0
1959,99,9,2030-05-13,179,51,33,220
1960,100,10,2030-05-14,44,40,10,75
1961,21,1,2030-05-15,214,92,62,266
1962,22,2,2030-05-16,294,87,85,271
1963,23,3,2030-05-17,220,81,80,203
1964,24,4,2030-05-18,300,71,82,199
1965,25,5,2030-05-19,231,70,75,270
1966,26,6,2030-05-20,215,97,72,241
1967,27,7,2030-05-21,103,49,77,56
1968,28,8,2030-05-22,105,36,47,102
1969,29,9,2030-05-23,183,62,64,194
1970,30,10,2030-05-24,74,39,44,66
1971,31,1,2030-05-25,263,113,48,330
1972,32,2,2030-05-26,207,106,69,288
1973,33,3,2030-05-27,247,80,71,254
1974,34,4,2030-05-28,248,113,83,264
1975,35,5,2030-05-29,268,85,69,311
1976,36,6,2030-05-30,268,110,90,247
1977,37,7,2030-05-31,117,24,57,76
1978,38,8,2030-06-01,100,30,75,69
1979,39,9,2030-06-02,175,53,82,134
1980,40,10,2030-06-03,62,38,77,2
1981,41,1,2030-06-04,270,105,51,344
1982,42,2,2030-06-05,236,111,78,272
1983,43,3,2030-06-06,276,84,41,257
1984,44,4,2030-06-07,237,109,86,238
1985,45,5,2030-06-08,242,115,89,235
1986,46,6,2030-06-09,242,116,53,283
1987,47,7,2030-06-10,119,24,67,75
1988,48,8,2030-06-11,120,21,58,53
1989,49,9,2030-06-12,208,71,41,201
1990,50,10,2030-06-13,51,14,51,25
1991,51,1,2030-06-14,234,88,82,216
1992,52,2,2030-06-15,298,114,41,365
1993,53,3,2030-06-16,253,89,74,238
1994,54,4,2030-06-17,269,110,40,368
1995,55,5,2030-06-18,282,70,75,212
1996,56,6,2030-06-19,272,85,48,329
1997,57,7,2030-06-20,94,31,60,57
1998,58,8,2030-06-21,102,47,73,71
1999,59,9,2030-06-22,154,50,69,184
2000,60,10,2030-06-23,48,16,61,0